service_id,category,subcategory,service_name,description,professional_required,priority_level,priority
4,AUTRES SERVICES,,DEPOUSSIERAGE DES SURFACES,SERVICE DE DEPOUSSIERAGE DES SURFACES PROPOSE A DOMICILE OU SUR SITE SELON LES BESOINS DU CLIENT.,PROFESSIONNEL SPECIALISE EN DEPOUSSIERAGE DES SURFACES,NON PRIORITAIRE,NON PRIORITAIRE
6,MENAGE ET NETTOYAGE,,DESINFECTION - DERATISATION,SERVICE DE DESINFECTION - DERATISATION PROPOSE A DOMICILE OU SUR SITE SELON LES BESOINS DU CLIENT.,PROFESSIONNEL SPECIALISE EN DESINFECTION - DERATISATION,PRIORITAIRE,NON PRIORITAIRE
9,AUTRES SERVICES,,ENLEVEMENT DES DEBRIS,SERVICE DE ENLEVEMENT DES DEBRIS PROPOSE A DOMICILE OU SUR SITE SELON LES BESOINS DU CLIENT.,PROFESSIONNEL SPECIALISE EN ENLEVEMENT DES DEBRIS,NON PRIORITAIRE,NON PRIORITAIRE
11,MENAGE ET NETTOYAGE,,DEPOUSSIERAGE APPROFONDI,SERVICE DE DEPOUSSIERAGE APPROFONDI PROPOSE A DOMICILE OU SUR SITE SELON LES BESOINS DU CLIENT.,PROFESSIONNEL SPECIALISE EN DEPOUSSIERAGE APPROFONDI,PRIORITAIRE,NON PRIORITAIRE
12,MENAGE ET NETTOYAGE,,LAVAGE DES CARREAUX,SERVICE DE LAVAGE DES CARREAUX PROPOSE A DOMICILE OU SUR SITE SELON LES BESOINS DU CLIENT.,PROFESSIONNEL SPECIALISE EN LAVAGE DES CARREAUX,PRIORITAIRE,NON PRIORITAIRE
15,MENAGE ET NETTOYAGE,,LAVAGE A LA MAIN,SERVICE DE LAVAGE A LA MAIN PROPOSE A DOMICILE OU SUR SITE SELON LES BESOINS DU CLIENT.,PROFESSIONNEL SPECIALISE EN LAVAGE A LA MAIN,PRIORITAIRE,NON PRIORITAIRE
17,AUTRES SERVICES,,PLIAGE ET RANGEMENT,SERVICE DE PLIAGE ET RANGEMENT PROPOSE A DOMICILE OU SUR SITE SELON LES BESOINS DU CLIENT.,PROFESSIONNEL SPECIALISE EN PLIAGE ET RANGEMENT,NON PRIORITAIRE,NON PRIORITAIRE
21,AUTRES SERVICES,,UTILISATION DE PRODUITS ANTI-TRACES,SERVICE DE UTILISATION DE PRODUITS ANTI-TRACES PROPOSE A DOMICILE OU SUR SITE SELON LES BESOINS DU CLIENT.,PROFESSIONNEL SPECIALISE EN UTILISATION DE PRODUITS ANTI-TRACES,NON PRIORITAIRE,NON PRIORITAIRE
22,AUTRES SERVICES,,PROFESSIONNELS REQUIS,SERVICE DE PROFESSIONNELS REQUIS PROPOSE A DOMICILE OU SUR SITE SELON LES BESOINS DU CLIENT.,PROFESSIONNEL SPECIALISE EN PROFESSIONNELS REQUIS,NON PRIORITAIRE,NON PRIORITAIRE
24,AUTRES SERVICES,,TAPISMOQUETTE,SERVICE DE TAPISMOQUETTE PROPOSE A DOMICILE OU SUR SITE SELON LES BESOINS DU CLIENT.,PROFESSIONNEL SPECIALISE EN TAPISMOQUETTE,NON PRIORITAIRE,NON PRIORITAIRE
25,AUTRES SERVICES,,ENLEVEMENT DE FERRAILLE,SERVICE DE ENLEVEMENT DE FERRAILLE PROPOSE A DOMICILE OU SUR SITE SELON LES BESOINS DU CLIENT.,PROFESSIONNEL SPECIALISE EN ENLEVEMENT DE FERRAILLE,NON PRIORITAIRE,NON PRIORITAIRE
28,AUTRES SERVICES,,FANIKO,SERVICE DE FANIKO PROPOSE A DOMICILE OU SUR SITE SELON LES BESOINS DU CLIENT.,PROFESSIONNEL SPECIALISE EN FANIKO,NON PRIORITAIRE,NON PRIORITAIRE
29,AUTRES SERVICES,,PRESSING BLANCHISSEUR (SE),SERVICE DE PRESSING BLANCHISSEUR (SE) PROPOSE A DOMICILE OU SUR SITE SELON LES BESOINS DU CLIENT.,PROFESSIONNEL SPECIALISE EN PRESSING BLANCHISSEUR (SE),NON PRIORITAIRE,NON PRIORITAIRE
30,AUTRES SERVICES,,HOMMEFEMME A TOUT FAIRE,SERVICE DE HOMMEFEMME A TOUT FAIRE PROPOSE A DOMICILE OU SUR SITE SELON LES BESOINS DU CLIENT.,PROFESSIONNEL SPECIALISE EN HOMMEFEMME A TOUT FAIRE,NON PRIORITAIRE,NON PRIORITAIRE
31,AUTRES SERVICES,,SPECILALISTE DES VITRES,SERVICE DE SPECILALISTE DES VITRES PROPOSE A DOMICILE OU SUR SITE SELON LES BESOINS DU CLIENT.,PROFESSIONNEL SPECIALISE EN SPECILALISTE DES VITRES,NON PRIORITAIRE,NON PRIORITAIRE
32,JARDINAGE ET PISCINE,,JARDINAGE ET PISCINE,SERVICE DE JARDINAGE ET PISCINE PROPOSE A DOMICILE OU SUR SITE SELON LES BESOINS DU CLIENT.,PROFESSIONNEL SPECIALISE EN JARDINAGE ET PISCINE,NON PRIORITAIRE,NON PRIORITAIRE
33,JARDINAGE ET PISCINE,,JE DELEGUE LES TRAVAUX DE JARDINAGE ET D'AMENAGEMENT PAYSAGER,SERVICE DE JE DELEGUE LES TRAVAUX DE JARDINAGE ET D'AMENAGEMENT PAYSAGER PROPOSE A DOMICILE OU SUR SITE SELON LES BESOINS DU CLIENT.,PROFESSIONNEL SPECIALISE EN JE DELEGUE LES TRAVAUX DE JARDINAGE ET D'AMENAGEMENT PAYSAGER,NON PRIORITAIRE,NON PRIORITAIRE
34,JARDINAGE ET PISCINE,,TONTE DE PELOUSE,SERVICE DE TONTE DE PELOUSE PROPOSE A DOMICILE OU SUR SITE SELON LES BESOINS DU CLIENT.,PROFESSIONNEL SPECIALISE EN TONTE DE PELOUSE,NON PRIORITAIRE,NON PRIORITAIRE
35,JARDINAGE ET PISCINE,,TONTE REGULIERE,SERVICE DE TONTE REGULIERE PROPOSE A DOMICILE OU SUR SITE SELON LES BESOINS DU CLIENT.,PROFESSIONNEL SPECIALISE EN TONTE REGULIERE,NON PRIORITAIRE,NON PRIORITAIRE
36,AUTRES SERVICES,,ELIMINATION DES MAUVAIS HERBES,SERVICE DE ELIMINATION DES MAUVAIS HERBES PROPOSE A DOMICILE OU SUR SITE SELON LES BESOINS DU CLIENT.,PROFESSIONNEL SPECIALISE EN ELIMINATION DES MAUVAIS HERBES,NON PRIORITAIRE,NON PRIORITAIRE
37,AUTRES SERVICES,,BORDURES DE PELOUSE,SERVICE DE BORDURES DE PELOUSE PROPOSE A DOMICILE OU SUR SITE SELON LES BESOINS DU CLIENT.,PROFESSIONNEL SPECIALISE EN BORDURES DE PELOUSE,NON PRIORITAIRE,NON PRIORITAIRE
38,JARDINAGE ET PISCINE,,TAILLE DE HAIES ET D'ARBUSTES,SERVICE DE TAILLE DE HAIES ET D'ARBUSTES PROPOSE A DOMICILE OU SUR SITE SELON LES BESOINS DU CLIENT.,PROFESSIONNEL SPECIALISE EN TAILLE DE HAIES ET D'ARBUSTES,NON PRIORITAIRE,NON PRIORITAIRE
39,AUTRES SERVICES,,TAILLE DE FORMATION ET D'ENTRETIEN,SERVICE DE TAILLE DE FORMATION ET D'ENTRETIEN PROPOSE A DOMICILE OU SUR SITE SELON LES BESOINS DU CLIENT.,PROFESSIONNEL SPECIALISE EN TAILLE DE FORMATION ET D'ENTRETIEN,NON PRIORITAIRE,NON PRIORITAIRE
40,AUTRES SERVICES,,ELIMINATION DES BRANCHES MORTES,SERVICE DE ELIMINATION DES BRANCHES MORTES PROPOSE A DOMICILE OU SUR SITE SELON LES BESOINS DU CLIENT.,PROFESSIONNEL SPECIALISE EN ELIMINATION DES BRANCHES MORTES,NON PRIORITAIRE,NON PRIORITAIRE
41,AUTRES SERVICES,,MISE EN FORME DECORATIVE,SERVICE DE MISE EN FORME DECORATIVE PROPOSE A DOMICILE OU SUR SITE SELON LES BESOINS DU CLIENT.,PROFESSIONNEL SPECIALISE EN MISE EN FORME DECORATIVE,NON PRIORITAIRE,NON PRIORITAIRE
42,AUTRES SERVICES,,DESHERBAGE,SERVICE DE DESHERBAGE PROPOSE A DOMICILE OU SUR SITE SELON LES BESOINS DU CLIENT.,PROFESSIONNEL SPECIALISE EN DESHERBAGE,NON PRIORITAIRE,NON PRIORITAIRE
43,AUTRES SERVICES,,DESHERBAGE MANUEL,SERVICE DE DESHERBAGE MANUEL PROPOSE A DOMICILE OU SUR SITE SELON LES BESOINS DU CLIENT.,PROFESSIONNEL SPECIALISE EN DESHERBAGE MANUEL,NON PRIORITAIRE,NON PRIORITAIRE
44,AUTRES SERVICES,,UTILISATION DE DESHERBANTS ECOLOGIQUES,SERVICE DE UTILISATION DE DESHERBANTS ECOLOGIQUES PROPOSE A DOMICILE OU SUR SITE SELON LES BESOINS DU CLIENT.,PROFESSIONNEL SPECIALISE EN UTILISATION DE DESHERBANTS ECOLOGIQUES,NON PRIORITAIRE,NON PRIORITAIRE
45,AUTRES SERVICES,,PREVENTION DE LA REPOUSSE,SERVICE DE PREVENTION DE LA REPOUSSE PROPOSE A DOMICILE OU SUR SITE SELON LES BESOINS DU CLIENT.,PROFESSIONNEL SPECIALISE EN PREVENTION DE LA REPOUSSE,NON PRIORITAIRE,NON PRIORITAIRE
46,JARDINAGE ET PISCINE,,AMENAGEMENT PAYSAGER,SERVICE DE AMENAGEMENT PAYSAGER PROPOSE A DOMICILE OU SUR SITE SELON LES BESOINS DU CLIENT.,PROFESSIONNEL SPECIALISE EN AMENAGEMENT PAYSAGER,NON PRIORITAIRE,NON PRIORITAIRE
47,AUTRES SERVICES,,PLANTATION DE FLEURS ET ARBUSTES,SERVICE DE PLANTATION DE FLEURS ET ARBUSTES PROPOSE A DOMICILE OU SUR SITE SELON LES BESOINS DU CLIENT.,PROFESSIONNEL SPECIALISE EN PLANTATION DE FLEURS ET ARBUSTES,NON PRIORITAIRE,NON PRIORITAIRE
48,AUTRES SERVICES,,CREATION DE MASSIFS,SERVICE DE CREATION DE MASSIFS PROPOSE A DOMICILE OU SUR SITE SELON LES BESOINS DU CLIENT.,PROFESSIONNEL SPECIALISE EN CREATION DE MASSIFS,NON PRIORITAIRE,NON PRIORITAIRE
49,INFORMATIQUE ET TECH,,INSTALLATION DE SYSTEMES D'IRRIGATION,SERVICE DE INSTALLATION DE SYSTEMES D'IRRIGATION PROPOSE A DOMICILE OU SUR SITE SELON LES BESOINS DU CLIENT.,PROFESSIONNEL SPECIALISE EN INSTALLATION DE SYSTEMES D'IRRIGATION,PRIORITAIRE,NON PRIORITAIRE
50,JARDINAGE ET PISCINE,,ENTRETIEN PISCINE,SERVICE DE ENTRETIEN PISCINE PROPOSE A DOMICILE OU SUR SITE SELON LES BESOINS DU CLIENT.,PROFESSIONNEL SPECIALISE EN ENTRETIEN PISCINE,NON PRIORITAIRE,NON PRIORITAIRE
52,AUTRES SERVICES,,JARDINIERS,SERVICE DE JARDINIERS PROPOSE A DOMICILE OU SUR SITE SELON LES BESOINS DU CLIENT.,PROFESSIONNEL SPECIALISE EN JARDINIERS,NON PRIORITAIRE,NON PRIORITAIRE
53,AUTRES SERVICES,,PAYSAGISTES,SERVICE DE PAYSAGISTES PROPOSE A DOMICILE OU SUR SITE SELON LES BESOINS DU CLIENT.,PROFESSIONNEL SPECIALISE EN PAYSAGISTES,NON PRIORITAIRE,NON PRIORITAIRE
54,AUTRES SERVICES,,PISCINISTE,SERVICE DE PISCINISTE PROPOSE A DOMICILE OU SUR SITE SELON LES BESOINS DU CLIENT.,PROFESSIONNEL SPECIALISE EN PISCINISTE,NON PRIORITAIRE,NON PRIORITAIRE
57,JARDINAGE ET PISCINE,,PISCINISTE (TECHNICIEN DE PISCINE),SERVICE DE PISCINISTE (TECHNICIEN DE PISCINE) PROPOSE A DOMICILE OU SUR SITE SELON LES BESOINS DU CLIENT.,PROFESSIONNEL SPECIALISE EN PISCINISTE (TECHNICIEN DE PISCINE),NON PRIORITAIRE,NON PRIORITAIRE
58,AUTRES SERVICES,,BRICOLAGE ET PETITS TRAVAUX,SERVICE DE BRICOLAGE ET PETITS TRAVAUX PROPOSE A DOMICILE OU SUR SITE SELON LES BESOINS DU CLIENT.,PROFESSIONNEL SPECIALISE EN BRICOLAGE ET PETITS TRAVAUX,NON PRIORITAIRE,NON PRIORITAIRE
59,AUTRES SERVICES,,JE DELEGUE LES PETITS TRAVAUX,SERVICE DE JE DELEGUE LES PETITS TRAVAUX PROPOSE A DOMICILE OU SUR SITE SELON LES BESOINS DU CLIENT.,PROFESSIONNEL SPECIALISE EN JE DELEGUE LES PETITS TRAVAUX,NON PRIORITAIRE,NON PRIORITAIRE
60,BRICOLAGE ET PETITS TRAVAUX,,MENUISERIE,SERVICE DE MENUISERIE PROPOSE A DOMICILE OU SUR SITE SELON LES BESOINS DU CLIENT.,PROFESSIONNEL SPECIALISE EN MENUISERIE,NON PRIORITAIRE,NON PRIORITAIRE
61,BRICOLAGE ET PETITS TRAVAUX,,ASSEMBLAGE DE MEUBLES EN KIT,SERVICE DE ASSEMBLAGE DE MEUBLES EN KIT PROPOSE A DOMICILE OU SUR SITE SELON LES BESOINS DU CLIENT.,PROFESSIONNEL SPECIALISE EN ASSEMBLAGE DE MEUBLES EN KIT,NON PRIORITAIRE,NON PRIORITAIRE
62,BRICOLAGE ET PETITS TRAVAUX,,FIXATION MURALE DE MEUBLES,SERVICE DE FIXATION MURALE DE MEUBLES PROPOSE A DOMICILE OU SUR SITE SELON LES BESOINS DU CLIENT.,PROFESSIONNEL SPECIALISE EN FIXATION MURALE DE MEUBLES,NON PRIORITAIRE,NON PRIORITAIRE
63,BRICOLAGE ET PETITS TRAVAUX,,REPARATION DE MEUBLES,SERVICE DE REPARATION DE MEUBLES PROPOSE A DOMICILE OU SUR SITE SELON LES BESOINS DU CLIENT.,PROFESSIONNEL SPECIALISE EN REPARATION DE MEUBLES,NON PRIORITAIRE,NON PRIORITAIRE
64,BRICOLAGE ET PETITS TRAVAUX,,PLOMBERIE,SERVICE DE PLOMBERIE PROPOSE A DOMICILE OU SUR SITE SELON LES BESOINS DU CLIENT.,PROFESSIONNEL SPECIALISE EN PLOMBERIE,NON PRIORITAIRE,NON PRIORITAIRE
65,BRICOLAGE ET PETITS TRAVAUX,,REPARATION DE FUITES,SERVICE DE REPARATION DE FUITES PROPOSE A DOMICILE OU SUR SITE SELON LES BESOINS DU CLIENT.,PROFESSIONNEL SPECIALISE EN REPARATION DE FUITES,NON PRIORITAIRE,NON PRIORITAIRE
66,AUTRES SERVICES,,DEBOUCHAGE DE CANALISATIONS,SERVICE DE DEBOUCHAGE DE CANALISATIONS PROPOSE A DOMICILE OU SUR SITE SELON LES BESOINS DU CLIENT.,PROFESSIONNEL SPECIALISE EN DEBOUCHAGE DE CANALISATIONS,NON PRIORITAIRE,NON PRIORITAIRE
67,INFORMATIQUE ET TECH,,INSTALLATION DE NOUVEAUX ROBINETS,SERVICE DE INSTALLATION DE NOUVEAUX ROBINETS PROPOSE A DOMICILE OU SUR SITE SELON LES BESOINS DU CLIENT.,PROFESSIONNEL SPECIALISE EN INSTALLATION DE NOUVEAUX ROBINETS,PRIORITAIRE,NON PRIORITAIRE
68,BRICOLAGE ET PETITS TRAVAUX,,ELECTRICITE,SERVICE DE ELECTRICITE PROPOSE A DOMICILE OU SUR SITE SELON LES BESOINS DU CLIENT.,PROFESSIONNEL SPECIALISE EN ELECTRICITE,NON PRIORITAIRE,NON PRIORITAIRE
69,AUTRES SERVICES,,REMPLACEMENT D'AMPOULES ET PRISES,SERVICE DE REMPLACEMENT D'AMPOULES ET PRISES PROPOSE A DOMICILE OU SUR SITE SELON LES BESOINS DU CLIENT.,PROFESSIONNEL SPECIALISE EN REMPLACEMENT D'AMPOULES ET PRISES,NON PRIORITAIRE,NON PRIORITAIRE
70,INFORMATIQUE ET TECH,,INSTALLATION DE LUMINAIRES,SERVICE DE INSTALLATION DE LUMINAIRES PROPOSE A DOMICILE OU SUR SITE SELON LES BESOINS DU CLIENT.,PROFESSIONNEL SPECIALISE EN INSTALLATION DE LUMINAIRES,PRIORITAIRE,NON PRIORITAIRE
71,BRICOLAGE ET PETITS TRAVAUX,,REPARATION DE CIRCUITS SIMPLES,SERVICE DE REPARATION DE CIRCUITS SIMPLES PROPOSE A DOMICILE OU SUR SITE SELON LES BESOINS DU CLIENT.,PROFESSIONNEL SPECIALISE EN REPARATION DE CIRCUITS SIMPLES,NON PRIORITAIRE,NON PRIORITAIRE
72,AUTRES SERVICES,,REPARATEURS D'APPAREILS ELECTROMENAGERS,SERVICE DE REPARATEURS D'APPAREILS ELECTROMENAGERS PROPOSE A DOMICILE OU SUR SITE SELON LES BESOINS DU CLIENT.,PROFESSIONNEL SPECIALISE EN REPARATEURS D'APPAREILS ELECTROMENAGERS,NON PRIORITAIRE,NON PRIORITAIRE
73,AUTRES SERVICES,,PEINTURE ET RENOVATION,SERVICE DE PEINTURE ET RENOVATION PROPOSE A DOMICILE OU SUR SITE SELON LES BESOINS DU CLIENT.,PROFESSIONNEL SPECIALISE EN PEINTURE ET RENOVATION,NON PRIORITAIRE,NON PRIORITAIRE
74,AUTRES SERVICES,,"PREPARATION DES SURFACES (PONCAGE, ENDUIT)","SERVICE DE PREPARATION DES SURFACES (PONCAGE, ENDUIT) PROPOSE A DOMICILE OU SUR SITE SELON LES BESOINS DU CLIENT.","PROFESSIONNEL SPECIALISE EN PREPARATION DES SURFACES (PONCAGE, ENDUIT)",NON PRIORITAIRE,NON PRIORITAIRE
75,AUTRES SERVICES,,APPLICATION DE SOUS-COUCHE ET PEINTURE,SERVICE DE APPLICATION DE SOUS-COUCHE ET PEINTURE PROPOSE A DOMICILE OU SUR SITE SELON LES BESOINS DU CLIENT.,PROFESSIONNEL SPECIALISE EN APPLICATION DE SOUS-COUCHE ET PEINTURE,NON PRIORITAIRE,NON PRIORITAIRE
76,AUTRES SERVICES,,PETITS TRAVAUX DE PLATERIE,SERVICE DE PETITS TRAVAUX DE PLATERIE PROPOSE A DOMICILE OU SUR SITE SELON LES BESOINS DU CLIENT.,PROFESSIONNEL SPECIALISE EN PETITS TRAVAUX DE PLATERIE,NON PRIORITAIRE,NON PRIORITAIRE
77,AUTRES SERVICES,,FENETRES ET PORTES,SERVICE DE FENETRES ET PORTES PROPOSE A DOMICILE OU SUR SITE SELON LES BESOINS DU CLIENT.,PROFESSIONNEL SPECIALISE EN FENETRES ET PORTES,NON PRIORITAIRE,NON PRIORITAIRE
78,AUTRES SERVICES,,VERRE ET MIROIRS,SERVICE DE VERRE ET MIROIRS PROPOSE A DOMICILE OU SUR SITE SELON LES BESOINS DU CLIENT.,PROFESSIONNEL SPECIALISE EN VERRE ET MIROIRS,NON PRIORITAIRE,NON PRIORITAIRE
80,AUTRES SERVICES,,COMPTOIRS ET ARMOIRES,SERVICE DE COMPTOIRS ET ARMOIRES PROPOSE A DOMICILE OU SUR SITE SELON LES BESOINS DU CLIENT.,PROFESSIONNEL SPECIALISE EN COMPTOIRS ET ARMOIRES,NON PRIORITAIRE,NON PRIORITAIRE
81,AUTRES SERVICES,,FROID,SERVICE DE FROID PROPOSE A DOMICILE OU SUR SITE SELON LES BESOINS DU CLIENT.,PROFESSIONNEL SPECIALISE EN FROID,NON PRIORITAIRE,NON PRIORITAIRE
82,INFORMATIQUE ET TECH,,INSTALLATION DE SYTEME DE CLIMATISATION,SERVICE DE INSTALLATION DE SYTEME DE CLIMATISATION PROPOSE A DOMICILE OU SUR SITE SELON LES BESOINS DU CLIENT.,PROFESSIONNEL SPECIALISE EN INSTALLATION DE SYTEME DE CLIMATISATION,PRIORITAIRE,NON PRIORITAIRE
83,BRICOLAGE ET PETITS TRAVAUX,,MAINTENANCE ET REPARATION,SERVICE DE MAINTENANCE ET REPARATION PROPOSE A DOMICILE OU SUR SITE SELON LES BESOINS DU CLIENT.,PROFESSIONNEL SPECIALISE EN MAINTENANCE ET REPARATION,NON PRIORITAIRE,NON PRIORITAIRE
85,AUTRES SERVICES,,MENUISIERS,SERVICE DE MENUISIERS PROPOSE A DOMICILE OU SUR SITE SELON LES BESOINS DU CLIENT.,PROFESSIONNEL SPECIALISE EN MENUISIERS,NON PRIORITAIRE,NON PRIORITAIRE
86,AUTRES SERVICES,,PLOMBIERS,SERVICE DE PLOMBIERS PROPOSE A DOMICILE OU SUR SITE SELON LES BESOINS DU CLIENT.,PROFESSIONNEL SPECIALISE EN PLOMBIERS,NON PRIORITAIRE,NON PRIORITAIRE
87,AUTRES SERVICES,,TECHNICIEN FROID,SERVICE DE TECHNICIEN FROID PROPOSE A DOMICILE OU SUR SITE SELON LES BESOINS DU CLIENT.,PROFESSIONNEL SPECIALISE EN TECHNICIEN FROID,NON PRIORITAIRE,NON PRIORITAIRE
88,AUTRES SERVICES,,PEINTRES,SERVICE DE PEINTRES PROPOSE A DOMICILE OU SUR SITE SELON LES BESOINS DU CLIENT.,PROFESSIONNEL SPECIALISE EN PEINTRES,NON PRIORITAIRE,NON PRIORITAIRE
95,GARDE D'ENFANTS ET SOUTIEN SCOLAIRE,,BABY-SITTING,SERVICE DE BABY-SITTING PROPOSE A DOMICILE OU SUR SITE SELON LES BESOINS DU CLIENT.,PROFESSIONNEL SPECIALISE EN BABY-SITTING,PRIORITAIRE,NON PRIORITAIRE
97,GARDE D'ENFANTS ET SOUTIEN SCOLAIRE,,ACTIVITES LUDIQUES ET EDUCATIVES,SERVICE DE ACTIVITES LUDIQUES ET EDUCATIVES PROPOSE A DOMICILE OU SUR SITE SELON LES BESOINS DU CLIENT.,PROFESSIONNEL SPECIALISE EN ACTIVITES LUDIQUES ET EDUCATIVES,PRIORITAIRE,NON PRIORITAIRE
100,GARDE D'ENFANTS ET SOUTIEN SCOLAIRE,,COURS DE RENFORCEMENT A DOMICILE,SERVICE DE COURS DE RENFORCEMENT A DOMICILE PROPOSE A DOMICILE OU SUR SITE SELON LES BESOINS DU CLIENT.,PROFESSIONNEL SPECIALISE EN COURS DE RENFORCEMENT A DOMICILE,PRIORITAIRE,NON PRIORITAIRE
101,AUTRES SERVICES,,PREPARATION AUX EXAMENS,SERVICE DE PREPARATION AUX EXAMENS PROPOSE A DOMICILE OU SUR SITE SELON LES BESOINS DU CLIENT.,PROFESSIONNEL SPECIALISE EN PREPARATION AUX EXAMENS,NON PRIORITAIRE,NON PRIORITAIRE
102,GARDE D'ENFANTS ET SOUTIEN SCOLAIRE,,LECTURE SUIVIE,SERVICE DE LECTURE SUIVIE PROPOSE A DOMICILE OU SUR SITE SELON LES BESOINS DU CLIENT.,PROFESSIONNEL SPECIALISE EN LECTURE SUIVIE,PRIORITAIRE,NON PRIORITAIRE
104,AUTRES SERVICES,,TUTORAT DANS UNE MATIERE SPECIFIQUE,SERVICE DE TUTORAT DANS UNE MATIERE SPECIFIQUE PROPOSE A DOMICILE OU SUR SITE SELON LES BESOINS DU CLIENT.,PROFESSIONNEL SPECIALISE EN TUTORAT DANS UNE MATIERE SPECIFIQUE,NON PRIORITAIRE,NON PRIORITAIRE
105,AUTRES SERVICES,,SUIVI PSYCHOLOGIQUE,SERVICE DE SUIVI PSYCHOLOGIQUE PROPOSE A DOMICILE OU SUR SITE SELON LES BESOINS DU CLIENT.,PROFESSIONNEL SPECIALISE EN SUIVI PSYCHOLOGIQUE,NON PRIORITAIRE,NON PRIORITAIRE
106,AUTRES SERVICES,,DEVELOPPEMENT PSYCHOMOTEUR,SERVICE DE DEVELOPPEMENT PSYCHOMOTEUR PROPOSE A DOMICILE OU SUR SITE SELON LES BESOINS DU CLIENT.,PROFESSIONNEL SPECIALISE EN DEVELOPPEMENT PSYCHOMOTEUR,NON PRIORITAIRE,NON PRIORITAIRE
108,GARDE D'ENFANTS ET SOUTIEN SCOLAIRE,,ACCOMPAGNEMENT AUX ACTIVITES EXTRASCOLAIRES,SERVICE DE ACCOMPAGNEMENT AUX ACTIVITES EXTRASCOLAIRES PROPOSE A DOMICILE OU SUR SITE SELON LES BESOINS DU CLIENT.,PROFESSIONNEL SPECIALISE EN ACCOMPAGNEMENT AUX ACTIVITES EXTRASCOLAIRES,PRIORITAIRE,NON PRIORITAIRE
109,GARDE D'ENFANTS ET SOUTIEN SCOLAIRE,,SURVEILLANCE DES DEVOIRS,SERVICE DE SURVEILLANCE DES DEVOIRS PROPOSE A DOMICILE OU SUR SITE SELON LES BESOINS DU CLIENT.,PROFESSIONNEL SPECIALISE EN SURVEILLANCE DES DEVOIRS,PRIORITAIRE,NON PRIORITAIRE
110,GARDE D'ENFANTS ET SOUTIEN SCOLAIRE,,ORGANISATION D'ACTIVITES APRES L'ECOLE,SERVICE DE ORGANISATION D'ACTIVITES APRES L'ECOLE PROPOSE A DOMICILE OU SUR SITE SELON LES BESOINS DU CLIENT.,PROFESSIONNEL SPECIALISE EN ORGANISATION D'ACTIVITES APRES L'ECOLE,PRIORITAIRE,NON PRIORITAIRE
113,AUTRES SERVICES,,AIDE-MENAGERE,SERVICE DE AIDE-MENAGERE PROPOSE A DOMICILE OU SUR SITE SELON LES BESOINS DU CLIENT.,PROFESSIONNEL SPECIALISE EN AIDE-MENAGERE,NON PRIORITAIRE,NON PRIORITAIRE
114,AUTRES SERVICES,,NOUNOU,SERVICE DE NOUNOU PROPOSE A DOMICILE OU SUR SITE SELON LES BESOINS DU CLIENT.,PROFESSIONNEL SPECIALISE EN NOUNOU,NON PRIORITAIRE,NON PRIORITAIRE
115,AUTRES SERVICES,,EDUCATEUR SPECIALISE,SERVICE DE EDUCATEUR SPECIALISE PROPOSE A DOMICILE OU SUR SITE SELON LES BESOINS DU CLIENT.,PROFESSIONNEL SPECIALISE EN EDUCATEUR SPECIALISE,NON PRIORITAIRE,NON PRIORITAIRE
116,AUTRES SERVICES,,ENCADREURS DE LA PETITE ENFANCE,SERVICE DE ENCADREURS DE LA PETITE ENFANCE PROPOSE A DOMICILE OU SUR SITE SELON LES BESOINS DU CLIENT.,PROFESSIONNEL SPECIALISE EN ENCADREURS DE LA PETITE ENFANCE,NON PRIORITAIRE,NON PRIORITAIRE
117,AUTRES SERVICES,,ENSEIGNANTS,SERVICE DE ENSEIGNANTS PROPOSE A DOMICILE OU SUR SITE SELON LES BESOINS DU CLIENT.,PROFESSIONNEL SPECIALISE EN ENSEIGNANTS,NON PRIORITAIRE,NON PRIORITAIRE
118,AUTRES SERVICES,,PSYCHOLOGUES,SERVICE DE PSYCHOLOGUES PROPOSE A DOMICILE OU SUR SITE SELON LES BESOINS DU CLIENT.,PROFESSIONNEL SPECIALISE EN PSYCHOLOGUES,NON PRIORITAIRE,NON PRIORITAIRE
119,AUTRES SERVICES,,COACH DE VIE,SERVICE DE COACH DE VIE PROPOSE A DOMICILE OU SUR SITE SELON LES BESOINS DU CLIENT.,PROFESSIONNEL SPECIALISE EN COACH DE VIE,NON PRIORITAIRE,NON PRIORITAIRE
121,AUTRES SERVICES,,AIDE AUX PERSONNES AGEES OU DEPENDANTES,SERVICE DE AIDE AUX PERSONNES AGEES OU DEPENDANTES PROPOSE A DOMICILE OU SUR SITE SELON LES BESOINS DU CLIENT.,PROFESSIONNEL SPECIALISE EN AIDE AUX PERSONNES AGEES OU DEPENDANTES,PRIORITAIRE,NON PRIORITAIRE
124,AIDE AUX PERSONNES AGEES OU DEPENDANTES,,AIDE POUR LES DEPLACEMENTS INTERIEURS ET EXTERIEURS,SERVICE DE AIDE POUR LES DEPLACEMENTS INTERIEURS ET EXTERIEURS PROPOSE A DOMICILE OU SUR SITE SELON LES BESOINS DU CLIENT.,PROFESSIONNEL SPECIALISE EN AIDE POUR LES DEPLACEMENTS INTERIEURS ET EXTERIEURS,PRIORITAIRE,NON PRIORITAIRE
125,AUTRES SERVICES,,UTILISATION DE FAUTEUILS ROULANTS ET DEAMBULATEURS,SERVICE DE UTILISATION DE FAUTEUILS ROULANTS ET DEAMBULATEURS PROPOSE A DOMICILE OU SUR SITE SELON LES BESOINS DU CLIENT.,PROFESSIONNEL SPECIALISE EN UTILISATION DE FAUTEUILS ROULANTS ET DEAMBULATEURS,NON PRIORITAIRE,NON PRIORITAIRE
126,AIDE AUX PERSONNES AGEES OU DEPENDANTES,,EXERCICES DE MOBILITE,SERVICE DE EXERCICES DE MOBILITE PROPOSE A DOMICILE OU SUR SITE SELON LES BESOINS DU CLIENT.,PROFESSIONNEL SPECIALISE EN EXERCICES DE MOBILITE,PRIORITAIRE,NON PRIORITAIRE
128,AUTRES SERVICES,,PLANIFICATION DES MENUS,SERVICE DE PLANIFICATION DES MENUS PROPOSE A DOMICILE OU SUR SITE SELON LES BESOINS DU CLIENT.,PROFESSIONNEL SPECIALISE EN PLANIFICATION DES MENUS,NON PRIORITAIRE,NON PRIORITAIRE
130,AIDE AUX PERSONNES AGEES OU DEPENDANTES,,AIDE A L'ALIMENTATION,SERVICE DE AIDE A L'ALIMENTATION PROPOSE A DOMICILE OU SUR SITE SELON LES BESOINS DU CLIENT.,PROFESSIONNEL SPECIALISE EN AIDE A L'ALIMENTATION,PRIORITAIRE,NON PRIORITAIRE
131,AIDE AUX PERSONNES AGEES OU DEPENDANTES,,AIDE A L'HYGIENE PERSONNELLE,SERVICE DE AIDE A L'HYGIENE PERSONNELLE PROPOSE A DOMICILE OU SUR SITE SELON LES BESOINS DU CLIENT.,PROFESSIONNEL SPECIALISE EN AIDE A L'HYGIENE PERSONNELLE,PRIORITAIRE,NON PRIORITAIRE
132,AUTRES SERVICES,,AIDE A LA TOILETTE QUOTIDIENNE,SERVICE DE AIDE A LA TOILETTE QUOTIDIENNE PROPOSE A DOMICILE OU SUR SITE SELON LES BESOINS DU CLIENT.,PROFESSIONNEL SPECIALISE EN AIDE A LA TOILETTE QUOTIDIENNE,NON PRIORITAIRE,NON PRIORITAIRE
133,AUTRES SERVICES,,HABILLAGE ET DESHABILLAGE,SERVICE DE HABILLAGE ET DESHABILLAGE PROPOSE A DOMICILE OU SUR SITE SELON LES BESOINS DU CLIENT.,PROFESSIONNEL SPECIALISE EN HABILLAGE ET DESHABILLAGE,NON PRIORITAIRE,NON PRIORITAIRE
134,AIDE AUX PERSONNES AGEES OU DEPENDANTES,,SOINS D'HYGIENE DE BASE,SERVICE DE SOINS D'HYGIENE DE BASE PROPOSE A DOMICILE OU SUR SITE SELON LES BESOINS DU CLIENT.,PROFESSIONNEL SPECIALISE EN SOINS D'HYGIENE DE BASE,PRIORITAIRE,NON PRIORITAIRE
135,TRANSPORT ET ACCOMPAGNEMENT,,ACCOMPAGNEMENT POUR LES COURSES,SERVICE DE ACCOMPAGNEMENT POUR LES COURSES PROPOSE A DOMICILE OU SUR SITE SELON LES BESOINS DU CLIENT.,PROFESSIONNEL SPECIALISE EN ACCOMPAGNEMENT POUR LES COURSES,PRIORITAIRE,NON PRIORITAIRE
137,AUTRES SERVICES,,PORTAGE DE SACS,SERVICE DE PORTAGE DE SACS PROPOSE A DOMICILE OU SUR SITE SELON LES BESOINS DU CLIENT.,PROFESSIONNEL SPECIALISE EN PORTAGE DE SACS,NON PRIORITAIRE,NON PRIORITAIRE
138,AUTRES SERVICES,,AIDE A LA GESTION DES ACHATS,SERVICE DE AIDE A LA GESTION DES ACHATS PROPOSE A DOMICILE OU SUR SITE SELON LES BESOINS DU CLIENT.,PROFESSIONNEL SPECIALISE EN AIDE A LA GESTION DES ACHATS,NON PRIORITAIRE,NON PRIORITAIRE
140,AUTRES SERVICES,,AIDE-SOIGNANT(ES),SERVICE DE AIDE-SOIGNANT(ES) PROPOSE A DOMICILE OU SUR SITE SELON LES BESOINS DU CLIENT.,PROFESSIONNEL SPECIALISE EN AIDE-SOIGNANT(ES),NON PRIORITAIRE,NON PRIORITAIRE
142,AUTRES SERVICES,,KINESI-THERAPEUTE,SERVICE DE KINESI-THERAPEUTE PROPOSE A DOMICILE OU SUR SITE SELON LES BESOINS DU CLIENT.,PROFESSIONNEL SPECIALISE EN KINESI-THERAPEUTE,NON PRIORITAIRE,NON PRIORITAIRE
143,AUTRES SERVICES,,DIETETICIENS,SERVICE DE DIETETICIENS PROPOSE A DOMICILE OU SUR SITE SELON LES BESOINS DU CLIENT.,PROFESSIONNEL SPECIALISE EN DIETETICIENS,NON PRIORITAIRE,NON PRIORITAIRE
145,AUTRES SERVICES,,JE ME FAIS ASSISTER DANS L'USAGE DES TIC,SERVICE DE JE ME FAIS ASSISTER DANS L'USAGE DES TIC PROPOSE A DOMICILE OU SUR SITE SELON LES BESOINS DU CLIENT.,PROFESSIONNEL SPECIALISE EN JE ME FAIS ASSISTER DANS L'USAGE DES TIC,NON PRIORITAIRE,NON PRIORITAIRE
147,INFORMATIQUE ET TECH,,CONFIGURATION DE NOUVEAUX APPAREILS,SERVICE DE CONFIGURATION DE NOUVEAUX APPAREILS PROPOSE A DOMICILE OU SUR SITE SELON LES BESOINS DU CLIENT.,PROFESSIONNEL SPECIALISE EN CONFIGURATION DE NOUVEAUX APPAREILS,PRIORITAIRE,NON PRIORITAIRE
148,AUTRES SERVICES,,RESOLUTION DE PROBLEMES TECHNIQUES,SERVICE DE RESOLUTION DE PROBLEMES TECHNIQUES PROPOSE A DOMICILE OU SUR SITE SELON LES BESOINS DU CLIENT.,PROFESSIONNEL SPECIALISE EN RESOLUTION DE PROBLEMES TECHNIQUES,NON PRIORITAIRE,NON PRIORITAIRE
149,AUTRES SERVICES,,OPTIMISATION DES PERFORMANCES,SERVICE DE OPTIMISATION DES PERFORMANCES PROPOSE A DOMICILE OU SUR SITE SELON LES BESOINS DU CLIENT.,PROFESSIONNEL SPECIALISE EN OPTIMISATION DES PERFORMANCES,NON PRIORITAIRE,NON PRIORITAIRE
151,INFORMATIQUE ET TECH,,INSTALLATION DE LOGICIELS ET MATERIEL,SERVICE DE INSTALLATION DE LOGICIELS ET MATERIEL PROPOSE A DOMICILE OU SUR SITE SELON LES BESOINS DU CLIENT.,PROFESSIONNEL SPECIALISE EN INSTALLATION DE LOGICIELS ET MATERIEL,PRIORITAIRE,NON PRIORITAIRE
152,INFORMATIQUE ET TECH,,INSTALLATION ET MISE A JOUR DE LOGICIELS,SERVICE DE INSTALLATION ET MISE A JOUR DE LOGICIELS PROPOSE A DOMICILE OU SUR SITE SELON LES BESOINS DU CLIENT.,PROFESSIONNEL SPECIALISE EN INSTALLATION ET MISE A JOUR DE LOGICIELS,PRIORITAIRE,NON PRIORITAIRE
153,INFORMATIQUE ET TECH,,INSTALLATION D'IMPRIMANTES ET SCANNERS,SERVICE DE INSTALLATION D'IMPRIMANTES ET SCANNERS PROPOSE A DOMICILE OU SUR SITE SELON LES BESOINS DU CLIENT.,PROFESSIONNEL SPECIALISE EN INSTALLATION D'IMPRIMANTES ET SCANNERS,PRIORITAIRE,NON PRIORITAIRE
154,INFORMATIQUE ET TECH,,CONFIGURATION DE RESEAUX DOMESTIQUES,SERVICE DE CONFIGURATION DE RESEAUX DOMESTIQUES PROPOSE A DOMICILE OU SUR SITE SELON LES BESOINS DU CLIENT.,PROFESSIONNEL SPECIALISE EN CONFIGURATION DE RESEAUX DOMESTIQUES,PRIORITAIRE,NON PRIORITAIRE
155,INFORMATIQUE ET TECH,,GRAPHISME ET CONCEPTION,SERVICE DE GRAPHISME ET CONCEPTION PROPOSE A DOMICILE OU SUR SITE SELON LES BESOINS DU CLIENT.,PROFESSIONNEL SPECIALISE EN GRAPHISME ET CONCEPTION,PRIORITAIRE,NON PRIORITAIRE
156,AUTRES SERVICES,,CONCEPTION GRAPHIQUE,SERVICE DE CONCEPTION GRAPHIQUE PROPOSE A DOMICILE OU SUR SITE SELON LES BESOINS DU CLIENT.,PROFESSIONNEL SPECIALISE EN CONCEPTION GRAPHIQUE,NON PRIORITAIRE,NON PRIORITAIRE
157,INFORMATIQUE ET TECH,,DESIGN WEB,SERVICE DE DESIGN WEB PROPOSE A DOMICILE OU SUR SITE SELON LES BESOINS DU CLIENT.,PROFESSIONNEL SPECIALISE EN DESIGN WEB,PRIORITAIRE,NON PRIORITAIRE
158,AUTRES SERVICES,,PHOTOGRAPHIE ET RETOUCHE,SERVICE DE PHOTOGRAPHIE ET RETOUCHE PROPOSE A DOMICILE OU SUR SITE SELON LES BESOINS DU CLIENT.,PROFESSIONNEL SPECIALISE EN PHOTOGRAPHIE ET RETOUCHE,NON PRIORITAIRE,NON PRIORITAIRE
159,AUTRES SERVICES,,ANIMATION ET MOTION DESIGN,SERVICE DE ANIMATION ET MOTION DESIGN PROPOSE A DOMICILE OU SUR SITE SELON LES BESOINS DU CLIENT.,PROFESSIONNEL SPECIALISE EN ANIMATION ET MOTION DESIGN,NON PRIORITAIRE,NON PRIORITAIRE
160,AUTRES SERVICES,,FORMATION AUX TIC,SERVICE DE FORMATION AUX TIC PROPOSE A DOMICILE OU SUR SITE SELON LES BESOINS DU CLIENT.,PROFESSIONNEL SPECIALISE EN FORMATION AUX TIC,NON PRIORITAIRE,NON PRIORITAIRE
162,AUTRES SERVICES,,UTILISATION DES RESEAUX SOCIAUX,SERVICE DE UTILISATION DES RESEAUX SOCIAUX PROPOSE A DOMICILE OU SUR SITE SELON LES BESOINS DU CLIENT.,PROFESSIONNEL SPECIALISE EN UTILISATION DES RESEAUX SOCIAUX,NON PRIORITAIRE,NON PRIORITAIRE
163,INFORMATIQUE ET TECH,,UTILISATION SMARTPHONES TABLETTES,SERVICE DE UTILISATION SMARTPHONES TABLETTES PROPOSE A DOMICILE OU SUR SITE SELON LES BESOINS DU CLIENT.,PROFESSIONNEL SPECIALISE EN UTILISATION SMARTPHONES TABLETTES,PRIORITAIRE,NON PRIORITAIRE
165,AUTRES SERVICES,,INFORMATICIENS,SERVICE DE INFORMATICIENS PROPOSE A DOMICILE OU SUR SITE SELON LES BESOINS DU CLIENT.,PROFESSIONNEL SPECIALISE EN INFORMATICIENS,NON PRIORITAIRE,NON PRIORITAIRE
166,AUTRES SERVICES,,INFOGRAPHES,SERVICE DE INFOGRAPHES PROPOSE A DOMICILE OU SUR SITE SELON LES BESOINS DU CLIENT.,PROFESSIONNEL SPECIALISE EN INFOGRAPHES,NON PRIORITAIRE,NON PRIORITAIRE
167,AUTRES SERVICES,,PHOTOGRAPHES,SERVICE DE PHOTOGRAPHES PROPOSE A DOMICILE OU SUR SITE SELON LES BESOINS DU CLIENT.,PROFESSIONNEL SPECIALISE EN PHOTOGRAPHES,NON PRIORITAIRE,NON PRIORITAIRE
168,AUTRES SERVICES,,DEVELOPPEURS,SERVICE DE DEVELOPPEURS PROPOSE A DOMICILE OU SUR SITE SELON LES BESOINS DU CLIENT.,PROFESSIONNEL SPECIALISE EN DEVELOPPEURS,NON PRIORITAIRE,NON PRIORITAIRE
169,INFORMATIQUE ET TECH,,WEB DESIGNERS,SERVICE DE WEB DESIGNERS PROPOSE A DOMICILE OU SUR SITE SELON LES BESOINS DU CLIENT.,PROFESSIONNEL SPECIALISE EN WEB DESIGNERS,PRIORITAIRE,NON PRIORITAIRE
170,AUTRES SERVICES,,BIEN-ETRE ET BEAUTE,SERVICE DE BIEN-ETRE ET BEAUTE PROPOSE A DOMICILE OU SUR SITE SELON LES BESOINS DU CLIENT.,PROFESSIONNEL SPECIALISE EN BIEN-ETRE ET BEAUTE,NON PRIORITAIRE,NON PRIORITAIRE
171,AUTRES SERVICES,,J'ENGAGE UN SPECIALISTE DE LA BEAUTE ET DU BIEN-ETRE,SERVICE DE J'ENGAGE UN SPECIALISTE DE LA BEAUTE ET DU BIEN-ETRE PROPOSE A DOMICILE OU SUR SITE SELON LES BESOINS DU CLIENT.,PROFESSIONNEL SPECIALISE EN J'ENGAGE UN SPECIALISTE DE LA BEAUTE ET DU BIEN-ETRE,NON PRIORITAIRE,NON PRIORITAIRE
172,BIEN-ETRE ET BEAUTE,,MAQUILLAGE A DOMICILE,SERVICE DE MAQUILLAGE A DOMICILE PROPOSE A DOMICILE OU SUR SITE SELON LES BESOINS DU CLIENT.,PROFESSIONNEL SPECIALISE EN MAQUILLAGE A DOMICILE,NON PRIORITAIRE,NON PRIORITAIRE
173,AUTRES SERVICES,,CASUAL MAKE-UP,SERVICE DE CASUAL MAKE-UP PROPOSE A DOMICILE OU SUR SITE SELON LES BESOINS DU CLIENT.,PROFESSIONNEL SPECIALISE EN CASUAL MAKE-UP,NON PRIORITAIRE,NON PRIORITAIRE
174,AUTRES SERVICES,,FESTIVE MAKE-UP,SERVICE DE FESTIVE MAKE-UP PROPOSE A DOMICILE OU SUR SITE SELON LES BESOINS DU CLIENT.,PROFESSIONNEL SPECIALISE EN FESTIVE MAKE-UP,NON PRIORITAIRE,NON PRIORITAIRE
175,AUTRES SERVICES,,BRIDAL MAKE-UP,SERVICE DE BRIDAL MAKE-UP PROPOSE A DOMICILE OU SUR SITE SELON LES BESOINS DU CLIENT.,PROFESSIONNEL SPECIALISE EN BRIDAL MAKE-UP,NON PRIORITAIRE,NON PRIORITAIRE
178,AUTRES SERVICES,,COLORATION ET MECHES,SERVICE DE COLORATION ET MECHES PROPOSE A DOMICILE OU SUR SITE SELON LES BESOINS DU CLIENT.,PROFESSIONNEL SPECIALISE EN COLORATION ET MECHES,NON PRIORITAIRE,NON PRIORITAIRE
179,BIEN-ETRE ET BEAUTE,,SOINS CAPILLAIRES,SERVICE DE SOINS CAPILLAIRES PROPOSE A DOMICILE OU SUR SITE SELON LES BESOINS DU CLIENT.,PROFESSIONNEL SPECIALISE EN SOINS CAPILLAIRES,NON PRIORITAIRE,NON PRIORITAIRE
180,BIEN-ETRE ET BEAUTE,,SOINS ESTHETIQUES,SERVICE DE SOINS ESTHETIQUES PROPOSE A DOMICILE OU SUR SITE SELON LES BESOINS DU CLIENT.,PROFESSIONNEL SPECIALISE EN SOINS ESTHETIQUES,NON PRIORITAIRE,NON PRIORITAIRE
181,BIEN-ETRE ET BEAUTE,,MANUCURE ET PEDICURE,SERVICE DE MANUCURE ET PEDICURE PROPOSE A DOMICILE OU SUR SITE SELON LES BESOINS DU CLIENT.,PROFESSIONNEL SPECIALISE EN MANUCURE ET PEDICURE,NON PRIORITAIRE,NON PRIORITAIRE
182,BIEN-ETRE ET BEAUTE,,SOINS DU VISAGE,SERVICE DE SOINS DU VISAGE PROPOSE A DOMICILE OU SUR SITE SELON LES BESOINS DU CLIENT.,PROFESSIONNEL SPECIALISE EN SOINS DU VISAGE,NON PRIORITAIRE,NON PRIORITAIRE
183,AUTRES SERVICES,,EPILATION,SERVICE DE EPILATION PROPOSE A DOMICILE OU SUR SITE SELON LES BESOINS DU CLIENT.,PROFESSIONNEL SPECIALISE EN EPILATION,NON PRIORITAIRE,NON PRIORITAIRE
184,BIEN-ETRE ET BEAUTE,,MASSAGE,SERVICE DE MASSAGE PROPOSE A DOMICILE OU SUR SITE SELON LES BESOINS DU CLIENT.,PROFESSIONNEL SPECIALISE EN MASSAGE,NON PRIORITAIRE,NON PRIORITAIRE
185,BIEN-ETRE ET BEAUTE,,MASSAGE RELAXANT,SERVICE DE MASSAGE RELAXANT PROPOSE A DOMICILE OU SUR SITE SELON LES BESOINS DU CLIENT.,PROFESSIONNEL SPECIALISE EN MASSAGE RELAXANT,NON PRIORITAIRE,NON PRIORITAIRE
186,BIEN-ETRE ET BEAUTE,,MASSAGE THERAPEUTIQUE,SERVICE DE MASSAGE THERAPEUTIQUE PROPOSE A DOMICILE OU SUR SITE SELON LES BESOINS DU CLIENT.,PROFESSIONNEL SPECIALISE EN MASSAGE THERAPEUTIQUE,NON PRIORITAIRE,NON PRIORITAIRE
187,AUTRES SERVICES,,REFLEXOLOGIE PLANTAIRE,SERVICE DE REFLEXOLOGIE PLANTAIRE PROPOSE A DOMICILE OU SUR SITE SELON LES BESOINS DU CLIENT.,PROFESSIONNEL SPECIALISE EN REFLEXOLOGIE PLANTAIRE,NON PRIORITAIRE,NON PRIORITAIRE
188,AUTRES SERVICES,,COACHING SPOTIF,SERVICE DE COACHING SPOTIF PROPOSE A DOMICILE OU SUR SITE SELON LES BESOINS DU CLIENT.,PROFESSIONNEL SPECIALISE EN COACHING SPOTIF,NON PRIORITAIRE,NON PRIORITAIRE
189,AUTRES SERVICES,,SEANCES DE FITNESS PERSONNALISES,SERVICE DE SEANCES DE FITNESS PERSONNALISES PROPOSE A DOMICILE OU SUR SITE SELON LES BESOINS DU CLIENT.,PROFESSIONNEL SPECIALISE EN SEANCES DE FITNESS PERSONNALISES,NON PRIORITAIRE,NON PRIORITAIRE
190,AUTRES SERVICES,,PROGRAMMES DE REMISE EN FORME,SERVICE DE PROGRAMMES DE REMISE EN FORME PROPOSE A DOMICILE OU SUR SITE SELON LES BESOINS DU CLIENT.,PROFESSIONNEL SPECIALISE EN PROGRAMMES DE REMISE EN FORME,NON PRIORITAIRE,NON PRIORITAIRE
191,AUTRES SERVICES,,SUIVI NUTRITIONNEL,SERVICE DE SUIVI NUTRITIONNEL PROPOSE A DOMICILE OU SUR SITE SELON LES BESOINS DU CLIENT.,PROFESSIONNEL SPECIALISE EN SUIVI NUTRITIONNEL,NON PRIORITAIRE,NON PRIORITAIRE
193,AUTRES SERVICES,,COACHS SPORTIFS,SERVICE DE COACHS SPORTIFS PROPOSE A DOMICILE OU SUR SITE SELON LES BESOINS DU CLIENT.,PROFESSIONNEL SPECIALISE EN COACHS SPORTIFS,NON PRIORITAIRE,NON PRIORITAIRE
194,AUTRES SERVICES,,ESTHETICIENNES,SERVICE DE ESTHETICIENNES PROPOSE A DOMICILE OU SUR SITE SELON LES BESOINS DU CLIENT.,PROFESSIONNEL SPECIALISE EN ESTHETICIENNES,NON PRIORITAIRE,NON PRIORITAIRE
195,AUTRES SERVICES,,COIFFEURS(EUSES),SERVICE DE COIFFEURS(EUSES) PROPOSE A DOMICILE OU SUR SITE SELON LES BESOINS DU CLIENT.,PROFESSIONNEL SPECIALISE EN COIFFEURS(EUSES),NON PRIORITAIRE,NON PRIORITAIRE
196,AUTRES SERVICES,,MAKE-UP ARTISTS,SERVICE DE MAKE-UP ARTISTS PROPOSE A DOMICILE OU SUR SITE SELON LES BESOINS DU CLIENT.,PROFESSIONNEL SPECIALISE EN MAKE-UP ARTISTS,NON PRIORITAIRE,NON PRIORITAIRE
197,AUTRES SERVICES,,DIETITICIENS,SERVICE DE DIETITICIENS PROPOSE A DOMICILE OU SUR SITE SELON LES BESOINS DU CLIENT.,PROFESSIONNEL SPECIALISE EN DIETITICIENS,NON PRIORITAIRE,NON PRIORITAIRE
199,AUTRES SERVICES,,JE ME FAIS ACCOMPAGNER,SERVICE DE JE ME FAIS ACCOMPAGNER PROPOSE A DOMICILE OU SUR SITE SELON LES BESOINS DU CLIENT.,PROFESSIONNEL SPECIALISE EN JE ME FAIS ACCOMPAGNER,NON PRIORITAIRE,NON PRIORITAIRE
200,AUTRES SERVICES,,TRANSPOT MEDICAL NON URGENT,SERVICE DE TRANSPOT MEDICAL NON URGENT PROPOSE A DOMICILE OU SUR SITE SELON LES BESOINS DU CLIENT.,PROFESSIONNEL SPECIALISE EN TRANSPOT MEDICAL NON URGENT,NON PRIORITAIRE,NON PRIORITAIRE
201,TRANSPORT ET ACCOMPAGNEMENT,,ACCOMPAGNEMENT POUR LES RENDEZ-VOUS MEDICAUX,SERVICE DE ACCOMPAGNEMENT POUR LES RENDEZ-VOUS MEDICAUX PROPOSE A DOMICILE OU SUR SITE SELON LES BESOINS DU CLIENT.,PROFESSIONNEL SPECIALISE EN ACCOMPAGNEMENT POUR LES RENDEZ-VOUS MEDICAUX,PRIORITAIRE,NON PRIORITAIRE
204,TRANSPORT ET ACCOMPAGNEMENT,,ACCOMPAGNEMENT POUR LES RDV,SERVICE DE ACCOMPAGNEMENT POUR LES RDV PROPOSE A DOMICILE OU SUR SITE SELON LES BESOINS DU CLIENT.,PROFESSIONNEL SPECIALISE EN ACCOMPAGNEMENT POUR LES RDV,PRIORITAIRE,NON PRIORITAIRE
206,AUTRES SERVICES,,GESTION DES FILES D'ATTENTE,SERVICE DE GESTION DES FILES D'ATTENTE PROPOSE A DOMICILE OU SUR SITE SELON LES BESOINS DU CLIENT.,PROFESSIONNEL SPECIALISE EN GESTION DES FILES D'ATTENTE,NON PRIORITAIRE,NON PRIORITAIRE
207,TRANSPORT ET ACCOMPAGNEMENT,,ACCOMPAGNEMENT POUR LOISIRS ET SORTIE,SERVICE DE ACCOMPAGNEMENT POUR LOISIRS ET SORTIE PROPOSE A DOMICILE OU SUR SITE SELON LES BESOINS DU CLIENT.,PROFESSIONNEL SPECIALISE EN ACCOMPAGNEMENT POUR LOISIRS ET SORTIE,PRIORITAIRE,NON PRIORITAIRE
208,TRANSPORT ET ACCOMPAGNEMENT,,CHAUFFEUR PRIVE,SERVICE DE CHAUFFEUR PRIVE PROPOSE A DOMICILE OU SUR SITE SELON LES BESOINS DU CLIENT.,PROFESSIONNEL SPECIALISE EN CHAUFFEUR PRIVE,PRIORITAIRE,NON PRIORITAIRE
209,AIDE AUX PERSONNES AGEES OU DEPENDANTES,,SERVICES DE CHAUFFEUR POUR DEPLACEMENTS PRIVES,SERVICE DE SERVICES DE CHAUFFEUR POUR DEPLACEMENTS PRIVES PROPOSE A DOMICILE OU SUR SITE SELON LES BESOINS DU CLIENT.,PROFESSIONNEL SPECIALISE EN SERVICES DE CHAUFFEUR POUR DEPLACEMENTS PRIVES,PRIORITAIRE,NON PRIORITAIRE
214,AUTRES SERVICES,,CHAUFFEURS PRIVES,SERVICE DE CHAUFFEURS PRIVES PROPOSE A DOMICILE OU SUR SITE SELON LES BESOINS DU CLIENT.,PROFESSIONNEL SPECIALISE EN CHAUFFEURS PRIVES,NON PRIORITAIRE,NON PRIORITAIRE
215,AUTRES SERVICES,,CHAUFFEURS BILINGUES,SERVICE DE CHAUFFEURS BILINGUES PROPOSE A DOMICILE OU SUR SITE SELON LES BESOINS DU CLIENT.,PROFESSIONNEL SPECIALISE EN CHAUFFEURS BILINGUES,NON PRIORITAIRE,NON PRIORITAIRE
217,AUTRES SERVICES,,FETES ET EVENEMENTS,SERVICE DE FETES ET EVENEMENTS PROPOSE A DOMICILE OU SUR SITE SELON LES BESOINS DU CLIENT.,PROFESSIONNEL SPECIALISE EN FETES ET EVENEMENTS,NON PRIORITAIRE,NON PRIORITAIRE
218,AUTRES SERVICES,,J'ORGANISE LA MEILLEURE FETE,SERVICE DE J'ORGANISE LA MEILLEURE FETE PROPOSE A DOMICILE OU SUR SITE SELON LES BESOINS DU CLIENT.,PROFESSIONNEL SPECIALISE EN J'ORGANISE LA MEILLEURE FETE,NON PRIORITAIRE,NON PRIORITAIRE
219,AUTRES SERVICES,,BARMAN,SERVICE DE BARMAN PROPOSE A DOMICILE OU SUR SITE SELON LES BESOINS DU CLIENT.,PROFESSIONNEL SPECIALISE EN BARMAN,NON PRIORITAIRE,NON PRIORITAIRE
220,AUTRES SERVICES,,PREPARATION ET SERVICES DE BOISSONS,SERVICE DE PREPARATION ET SERVICES DE BOISSONS PROPOSE A DOMICILE OU SUR SITE SELON LES BESOINS DU CLIENT.,PROFESSIONNEL SPECIALISE EN PREPARATION ET SERVICES DE BOISSONS,NON PRIORITAIRE,NON PRIORITAIRE
221,AUTRES SERVICES,,GESTION DU BAR,SERVICE DE GESTION DU BAR PROPOSE A DOMICILE OU SUR SITE SELON LES BESOINS DU CLIENT.,PROFESSIONNEL SPECIALISE EN GESTION DU BAR,NON PRIORITAIRE,NON PRIORITAIRE
222,AUTRES SERVICES,,EVENEMENTS SPECIAUX,SERVICE DE EVENEMENTS SPECIAUX PROPOSE A DOMICILE OU SUR SITE SELON LES BESOINS DU CLIENT.,PROFESSIONNEL SPECIALISE EN EVENEMENTS SPECIAUX,NON PRIORITAIRE,NON PRIORITAIRE
223,FETES ET EVENEMENTS,,TRAITEUR,SERVICE DE TRAITEUR PROPOSE A DOMICILE OU SUR SITE SELON LES BESOINS DU CLIENT.,PROFESSIONNEL SPECIALISE EN TRAITEUR,NON PRIORITAIRE,NON PRIORITAIRE
224,AUTRES SERVICES,,PETIT-DEJEUNER,SERVICE DE PETIT-DEJEUNER PROPOSE A DOMICILE OU SUR SITE SELON LES BESOINS DU CLIENT.,PROFESSIONNEL SPECIALISE EN PETIT-DEJEUNER,NON PRIORITAIRE,NON PRIORITAIRE
225,AUTRES SERVICES,,BRUNCH,SERVICE DE BRUNCH PROPOSE A DOMICILE OU SUR SITE SELON LES BESOINS DU CLIENT.,PROFESSIONNEL SPECIALISE EN BRUNCH,NON PRIORITAIRE,NON PRIORITAIRE
226,AUTRES SERVICES,,DEJEUNER,SERVICE DE DEJEUNER PROPOSE A DOMICILE OU SUR SITE SELON LES BESOINS DU CLIENT.,PROFESSIONNEL SPECIALISE EN DEJEUNER,NON PRIORITAIRE,NON PRIORITAIRE
227,AUTRES SERVICES,,COACKTAIL DINATOIRE,SERVICE DE COACKTAIL DINATOIRE PROPOSE A DOMICILE OU SUR SITE SELON LES BESOINS DU CLIENT.,PROFESSIONNEL SPECIALISE EN COACKTAIL DINATOIRE,NON PRIORITAIRE,NON PRIORITAIRE
228,AUTRES SERVICES,,DINER,SERVICE DE DINER PROPOSE A DOMICILE OU SUR SITE SELON LES BESOINS DU CLIENT.,PROFESSIONNEL SPECIALISE EN DINER,NON PRIORITAIRE,NON PRIORITAIRE
229,AUTRES SERVICES,,EVENT DESIGNERPLANNER,SERVICE DE EVENT DESIGNERPLANNER PROPOSE A DOMICILE OU SUR SITE SELON LES BESOINS DU CLIENT.,PROFESSIONNEL SPECIALISE EN EVENT DESIGNERPLANNER,NON PRIORITAIRE,NON PRIORITAIRE
230,FETES ET EVENEMENTS,,DECORATION D'EVENEMENT,SERVICE DE DECORATION D'EVENEMENT PROPOSE A DOMICILE OU SUR SITE SELON LES BESOINS DU CLIENT.,PROFESSIONNEL SPECIALISE EN DECORATION D'EVENEMENT,NON PRIORITAIRE,NON PRIORITAIRE
231,AUTRES SERVICES,,ORGANISATION D'EVENEMENT,SERVICE DE ORGANISATION D'EVENEMENT PROPOSE A DOMICILE OU SUR SITE SELON LES BESOINS DU CLIENT.,PROFESSIONNEL SPECIALISE EN ORGANISATION D'EVENEMENT,NON PRIORITAIRE,NON PRIORITAIRE
232,FETES ET EVENEMENTS,,DJ MC ANIMATEURIMAGES,SERVICE DE DJ MC ANIMATEURIMAGES PROPOSE A DOMICILE OU SUR SITE SELON LES BESOINS DU CLIENT.,PROFESSIONNEL SPECIALISE EN DJ MC ANIMATEURIMAGES,NON PRIORITAIRE,NON PRIORITAIRE
233,FETES ET EVENEMENTS,,EVENEMENT CORPORATE,SERVICE DE EVENEMENT CORPORATE PROPOSE A DOMICILE OU SUR SITE SELON LES BESOINS DU CLIENT.,PROFESSIONNEL SPECIALISE EN EVENEMENT CORPORATE,NON PRIORITAIRE,NON PRIORITAIRE
234,FETES ET EVENEMENTS,,EVENEMENT PRIVE,SERVICE DE EVENEMENT PRIVE PROPOSE A DOMICILE OU SUR SITE SELON LES BESOINS DU CLIENT.,PROFESSIONNEL SPECIALISE EN EVENEMENT PRIVE,NON PRIORITAIRE,NON PRIORITAIRE
235,FETES ET EVENEMENTS,,EVENEMENT PUBLIC,SERVICE DE EVENEMENT PUBLIC PROPOSE A DOMICILE OU SUR SITE SELON LES BESOINS DU CLIENT.,PROFESSIONNEL SPECIALISE EN EVENEMENT PUBLIC,NON PRIORITAIRE,NON PRIORITAIRE
236,FETES ET EVENEMENTS,,PHOTOGRAPHE POUR EVENEMENTS,SERVICE DE PHOTOGRAPHE POUR EVENEMENTS PROPOSE A DOMICILE OU SUR SITE SELON LES BESOINS DU CLIENT.,PROFESSIONNEL SPECIALISE EN PHOTOGRAPHE POUR EVENEMENTS,NON PRIORITAIRE,NON PRIORITAIRE
237,AUTRES SERVICES,,LOCATION DE MATERIEL EVENEMENTIEL,SERVICE DE LOCATION DE MATERIEL EVENEMENTIEL PROPOSE A DOMICILE OU SUR SITE SELON LES BESOINS DU CLIENT.,PROFESSIONNEL SPECIALISE EN LOCATION DE MATERIEL EVENEMENTIEL,NON PRIORITAIRE,NON PRIORITAIRE
238,AUTRES SERVICES,,ART DE LA TABLE,SERVICE DE ART DE LA TABLE PROPOSE A DOMICILE OU SUR SITE SELON LES BESOINS DU CLIENT.,PROFESSIONNEL SPECIALISE EN ART DE LA TABLE,NON PRIORITAIRE,NON PRIORITAIRE
239,AUTRES SERVICES,,MOBILIER,SERVICE DE MOBILIER PROPOSE A DOMICILE OU SUR SITE SELON LES BESOINS DU CLIENT.,PROFESSIONNEL SPECIALISE EN MOBILIER,NON PRIORITAIRE,NON PRIORITAIRE
240,AUTRES SERVICES,,SONORISATION PROJECTION,SERVICE DE SONORISATION PROJECTION PROPOSE A DOMICILE OU SUR SITE SELON LES BESOINS DU CLIENT.,PROFESSIONNEL SPECIALISE EN SONORISATION PROJECTION,NON PRIORITAIRE,NON PRIORITAIRE
243,FETES ET EVENEMENTS,,DJ,SERVICE DE DJ PROPOSE A DOMICILE OU SUR SITE SELON LES BESOINS DU CLIENT.,PROFESSIONNEL SPECIALISE EN DJ,NON PRIORITAIRE,NON PRIORITAIRE
244,FETES ET EVENEMENTS,,MC,SERVICE DE MC PROPOSE A DOMICILE OU SUR SITE SELON LES BESOINS DU CLIENT.,PROFESSIONNEL SPECIALISE EN MC,NON PRIORITAIRE,NON PRIORITAIRE
245,FETES ET EVENEMENTS,,SERVICES TRAITEUR,SERVICE DE SERVICES TRAITEUR PROPOSE A DOMICILE OU SUR SITE SELON LES BESOINS DU CLIENT.,PROFESSIONNEL SPECIALISE EN SERVICES TRAITEUR,NON PRIORITAIRE,NON PRIORITAIRE
246,AUTRES SERVICES,,EVENT PLANNER,SERVICE DE EVENT PLANNER PROPOSE A DOMICILE OU SUR SITE SELON LES BESOINS DU CLIENT.,PROFESSIONNEL SPECIALISE EN EVENT PLANNER,NON PRIORITAIRE,NON PRIORITAIRE
247,AUTRES SERVICES,,PROFESSIONNELS DE L'EVENEMENTIEL,SERVICE DE PROFESSIONNELS DE L'EVENEMENTIEL PROPOSE A DOMICILE OU SUR SITE SELON LES BESOINS DU CLIENT.,PROFESSIONNEL SPECIALISE EN PROFESSIONNELS DE L'EVENEMENTIEL,NON PRIORITAIRE,NON PRIORITAIRE
249,AUTRES SERVICES,,DECORATEURS EVENEMENTIELS,SERVICE DE DECORATEURS EVENEMENTIELS PROPOSE A DOMICILE OU SUR SITE SELON LES BESOINS DU CLIENT.,PROFESSIONNEL SPECIALISE EN DECORATEURS EVENEMENTIELS,NON PRIORITAIRE,NON PRIORITAIRE
253,AUTRES SERVICES,,EMBALLAGE DES BIENS,SERVICE DE EMBALLAGE DES BIENS PROPOSE A DOMICILE OU SUR SITE SELON LES BESOINS DU CLIENT.,PROFESSIONNEL SPECIALISE EN EMBALLAGE DES BIENS,NON PRIORITAIRE,NON PRIORITAIRE
254,"AMENAGEMENT, DEMENAGEMENT ET MANUTENTION",,CHARGEMENT ET DECHARGEMENT DES CAMIONS,SERVICE DE CHARGEMENT ET DECHARGEMENT DES CAMIONS PROPOSE A DOMICILE OU SUR SITE SELON LES BESOINS DU CLIENT.,PROFESSIONNEL SPECIALISE EN CHARGEMENT ET DECHARGEMENT DES CAMIONS,PRIORITAIRE,NON PRIORITAIRE
255,AUTRES SERVICES,,MONTAGE ET DEMONTAGE DES MEUBLES,SERVICE DE MONTAGE ET DEMONTAGE DES MEUBLES PROPOSE A DOMICILE OU SUR SITE SELON LES BESOINS DU CLIENT.,PROFESSIONNEL SPECIALISE EN MONTAGE ET DEMONTAGE DES MEUBLES,NON PRIORITAIRE,NON PRIORITAIRE
256,AUTRES SERVICES,,RAMASSAGE D'ORDURES,SERVICE DE RAMASSAGE D'ORDURES PROPOSE A DOMICILE OU SUR SITE SELON LES BESOINS DU CLIENT.,PROFESSIONNEL SPECIALISE EN RAMASSAGE D'ORDURES,NON PRIORITAIRE,NON PRIORITAIRE
257,AUTRES SERVICES,,EMBALLAGE ET DEBALLAGE,SERVICE DE EMBALLAGE ET DEBALLAGE PROPOSE A DOMICILE OU SUR SITE SELON LES BESOINS DU CLIENT.,PROFESSIONNEL SPECIALISE EN EMBALLAGE ET DEBALLAGE,NON PRIORITAIRE,NON PRIORITAIRE
258,AUTRES SERVICES,,FOURNITURE DE MATERIEL D'EMBALLAGE,SERVICE DE FOURNITURE DE MATERIEL D'EMBALLAGE PROPOSE A DOMICILE OU SUR SITE SELON LES BESOINS DU CLIENT.,PROFESSIONNEL SPECIALISE EN FOURNITURE DE MATERIEL D'EMBALLAGE,NON PRIORITAIRE,NON PRIORITAIRE
259,"AMENAGEMENT, DEMENAGEMENT ET MANUTENTION",,ORGANISATION DES CARTONS PAR PIECE,SERVICE DE ORGANISATION DES CARTONS PAR PIECE PROPOSE A DOMICILE OU SUR SITE SELON LES BESOINS DU CLIENT.,PROFESSIONNEL SPECIALISE EN ORGANISATION DES CARTONS PAR PIECE,PRIORITAIRE,NON PRIORITAIRE
260,AUTRES SERVICES,,DEBALLAGE ET RANGEMENT DANS LE NOUVEAU DOMICILE,SERVICE DE DEBALLAGE ET RANGEMENT DANS LE NOUVEAU DOMICILE PROPOSE A DOMICILE OU SUR SITE SELON LES BESOINS DU CLIENT.,PROFESSIONNEL SPECIALISE EN DEBALLAGE ET RANGEMENT DANS LE NOUVEAU DOMICILE,NON PRIORITAIRE,NON PRIORITAIRE
264,AUTRES SERVICES,,AMENAGEMENT,SERVICE DE AMENAGEMENT PROPOSE A DOMICILE OU SUR SITE SELON LES BESOINS DU CLIENT.,PROFESSIONNEL SPECIALISE EN AMENAGEMENT,NON PRIORITAIRE,NON PRIORITAIRE
265,AUTRES SERVICES,,RANGEMENT DES ESPACES DOMESTIQUES,SERVICE DE RANGEMENT DES ESPACES DOMESTIQUES PROPOSE A DOMICILE OU SUR SITE SELON LES BESOINS DU CLIENT.,PROFESSIONNEL SPECIALISE EN RANGEMENT DES ESPACES DOMESTIQUES,NON PRIORITAIRE,NON PRIORITAIRE
266,AUTRES SERVICES,,RANGEMENT DES ESPACES DE TRAVAIL,SERVICE DE RANGEMENT DES ESPACES DE TRAVAIL PROPOSE A DOMICILE OU SUR SITE SELON LES BESOINS DU CLIENT.,PROFESSIONNEL SPECIALISE EN RANGEMENT DES ESPACES DE TRAVAIL,NON PRIORITAIRE,NON PRIORITAIRE
267,FETES ET EVENEMENTS,,DECORATION D'INTERIEUR,SERVICE DE DECORATION D'INTERIEUR PROPOSE A DOMICILE OU SUR SITE SELON LES BESOINS DU CLIENT.,PROFESSIONNEL SPECIALISE EN DECORATION D'INTERIEUR,NON PRIORITAIRE,NON PRIORITAIRE
268,AUTRES SERVICES,,RENOVATION,SERVICE DE RENOVATION PROPOSE A DOMICILE OU SUR SITE SELON LES BESOINS DU CLIENT.,PROFESSIONNEL SPECIALISE EN RENOVATION,NON PRIORITAIRE,NON PRIORITAIRE
271,AUTRES SERVICES,,DOCKERBAGAGISTE,SERVICE DE DOCKERBAGAGISTE PROPOSE A DOMICILE OU SUR SITE SELON LES BESOINS DU CLIENT.,PROFESSIONNEL SPECIALISE EN DOCKERBAGAGISTE,NON PRIORITAIRE,NON PRIORITAIRE
273,AUTRES SERVICES,,SPECIALISTES DE L'AMENAGEMENT,SERVICE DE SPECIALISTES DE L'AMENAGEMENT PROPOSE A DOMICILE OU SUR SITE SELON LES BESOINS DU CLIENT.,PROFESSIONNEL SPECIALISE EN SPECIALISTES DE L'AMENAGEMENT,NON PRIORITAIRE,NON PRIORITAIRE
274,ADMINISTRATIF ET CONSEILS,,ADMINISTRATIF ET CONSEILS,SERVICE DE ADMINISTRATIF ET CONSEILS PROPOSE A DOMICILE OU SUR SITE SELON LES BESOINS DU CLIENT.,PROFESSIONNEL SPECIALISE EN ADMINISTRATIF ET CONSEILS,PRIORITAIRE,NON PRIORITAIRE
275,AUTRES SERVICES,,JE DELEGUE MES TACHES ADMINISTRATIVES,SERVICE DE JE DELEGUE MES TACHES ADMINISTRATIVES PROPOSE A DOMICILE OU SUR SITE SELON LES BESOINS DU CLIENT.,PROFESSIONNEL SPECIALISE EN JE DELEGUE MES TACHES ADMINISTRATIVES,NON PRIORITAIRE,NON PRIORITAIRE
277,ADMINISTRATIF ET CONSEILS,,GESTION DU COURRIER,SERVICE DE GESTION DU COURRIER PROPOSE A DOMICILE OU SUR SITE SELON LES BESOINS DU CLIENT.,PROFESSIONNEL SPECIALISE EN GESTION DU COURRIER,PRIORITAIRE,NON PRIORITAIRE
278,ADMINISTRATIF ET CONSEILS,,CLASSEMENT ET ARCHIVAGE DE DOCUMENTS,SERVICE DE CLASSEMENT ET ARCHIVAGE DE DOCUMENTS PROPOSE A DOMICILE OU SUR SITE SELON LES BESOINS DU CLIENT.,PROFESSIONNEL SPECIALISE EN CLASSEMENT ET ARCHIVAGE DE DOCUMENTS,PRIORITAIRE,NON PRIORITAIRE
279,AUTRES SERVICES,,GESTION D'AGENDA VIRTUEL ET PRISE DE RDV,SERVICE DE GESTION D'AGENDA VIRTUEL ET PRISE DE RDV PROPOSE A DOMICILE OU SUR SITE SELON LES BESOINS DU CLIENT.,PROFESSIONNEL SPECIALISE EN GESTION D'AGENDA VIRTUEL ET PRISE DE RDV,NON PRIORITAIRE,NON PRIORITAIRE
280,AUTRES SERVICES,,REDACTION DE COURRIERS ET EMAILS,SERVICE DE REDACTION DE COURRIERS ET EMAILS PROPOSE A DOMICILE OU SUR SITE SELON LES BESOINS DU CLIENT.,PROFESSIONNEL SPECIALISE EN REDACTION DE COURRIERS ET EMAILS,NON PRIORITAIRE,NON PRIORITAIRE
281,AUTRES SERVICES,,CONSEILS JURIDIQUES DE BASE,SERVICE DE CONSEILS JURIDIQUES DE BASE PROPOSE A DOMICILE OU SUR SITE SELON LES BESOINS DU CLIENT.,PROFESSIONNEL SPECIALISE EN CONSEILS JURIDIQUES DE BASE,NON PRIORITAIRE,NON PRIORITAIRE
282,GARDE D'ENFANTS ET SOUTIEN SCOLAIRE,,INFORMATIONS SUR LES DROITS ET DEVOIRS,SERVICE DE INFORMATIONS SUR LES DROITS ET DEVOIRS PROPOSE A DOMICILE OU SUR SITE SELON LES BESOINS DU CLIENT.,PROFESSIONNEL SPECIALISE EN INFORMATIONS SUR LES DROITS ET DEVOIRS,PRIORITAIRE,NON PRIORITAIRE
283,ADMINISTRATIF ET CONSEILS,,AIDE A LA REDACTION DE CONTRATS SIMPLES,SERVICE DE AIDE A LA REDACTION DE CONTRATS SIMPLES PROPOSE A DOMICILE OU SUR SITE SELON LES BESOINS DU CLIENT.,PROFESSIONNEL SPECIALISE EN AIDE A LA REDACTION DE CONTRATS SIMPLES,PRIORITAIRE,NON PRIORITAIRE
284,AUTRES SERVICES,,ORIENTATION VERS DES PROFESSIONNELS DU DROIT,SERVICE DE ORIENTATION VERS DES PROFESSIONNELS DU DROIT PROPOSE A DOMICILE OU SUR SITE SELON LES BESOINS DU CLIENT.,PROFESSIONNEL SPECIALISE EN ORIENTATION VERS DES PROFESSIONNELS DU DROIT,NON PRIORITAIRE,NON PRIORITAIRE
285,AUTRES SERVICES,,DEMARCHES ADMINISTRATIVES,SERVICE DE DEMARCHES ADMINISTRATIVES PROPOSE A DOMICILE OU SUR SITE SELON LES BESOINS DU CLIENT.,PROFESSIONNEL SPECIALISE EN DEMARCHES ADMINISTRATIVES,NON PRIORITAIRE,NON PRIORITAIRE
286,ADMINISTRATIF ET CONSEILS,,DECLARATION D'IMPOTS,SERVICE DE DECLARATION D'IMPOTS PROPOSE A DOMICILE OU SUR SITE SELON LES BESOINS DU CLIENT.,PROFESSIONNEL SPECIALISE EN DECLARATION D'IMPOTS,PRIORITAIRE,NON PRIORITAIRE
287,AUTRES SERVICES,,PASSEPORTVISA,SERVICE DE PASSEPORTVISA PROPOSE A DOMICILE OU SUR SITE SELON LES BESOINS DU CLIENT.,PROFESSIONNEL SPECIALISE EN PASSEPORTVISA,NON PRIORITAIRE,NON PRIORITAIRE
288,AUTRES SERVICES,,CREATION D'ENTREPRISE,SERVICE DE CREATION D'ENTREPRISE PROPOSE A DOMICILE OU SUR SITE SELON LES BESOINS DU CLIENT.,PROFESSIONNEL SPECIALISE EN CREATION D'ENTREPRISE,NON PRIORITAIRE,NON PRIORITAIRE
289,AUTRES SERVICES,,AUTRE,SERVICE DE AUTRE PROPOSE A DOMICILE OU SUR SITE SELON LES BESOINS DU CLIENT.,PROFESSIONNEL SPECIALISE EN AUTRE,NON PRIORITAIRE,NON PRIORITAIRE
290,ADMINISTRATIF ET CONSEILS,,GESTION DE DOCUMENTS,SERVICE DE GESTION DE DOCUMENTS PROPOSE A DOMICILE OU SUR SITE SELON LES BESOINS DU CLIENT.,PROFESSIONNEL SPECIALISE EN GESTION DE DOCUMENTS,PRIORITAIRE,NON PRIORITAIRE
291,AUTRES SERVICES,,NUMERISATION ET ORGANISATION DE DOCMENTS,SERVICE DE NUMERISATION ET ORGANISATION DE DOCMENTS PROPOSE A DOMICILE OU SUR SITE SELON LES BESOINS DU CLIENT.,PROFESSIONNEL SPECIALISE EN NUMERISATION ET ORGANISATION DE DOCMENTS,NON PRIORITAIRE,NON PRIORITAIRE
292,AUTRES SERVICES,,CREATION DE SYSTEMES DE CLASSEMENT,SERVICE DE CREATION DE SYSTEMES DE CLASSEMENT PROPOSE A DOMICILE OU SUR SITE SELON LES BESOINS DU CLIENT.,PROFESSIONNEL SPECIALISE EN CREATION DE SYSTEMES DE CLASSEMENT,NON PRIORITAIRE,NON PRIORITAIRE
293,ADMINISTRATIF ET CONSEILS,,AIDE A LA RECUPERATION DE DOCUMENTS IMPORTANTS,SERVICE DE AIDE A LA RECUPERATION DE DOCUMENTS IMPORTANTS PROPOSE A DOMICILE OU SUR SITE SELON LES BESOINS DU CLIENT.,PROFESSIONNEL SPECIALISE EN AIDE A LA RECUPERATION DE DOCUMENTS IMPORTANTS,PRIORITAIRE,NON PRIORITAIRE
296,AUTRES SERVICES,,ASSISTANT(ES) ADMINISTRATIFS,SERVICE DE ASSISTANT(ES) ADMINISTRATIFS PROPOSE A DOMICILE OU SUR SITE SELON LES BESOINS DU CLIENT.,PROFESSIONNEL SPECIALISE EN ASSISTANT(ES) ADMINISTRATIFS,PRIORITAIRE,NON PRIORITAIRE
297,AUTRES SERVICES,,JURISTES,SERVICE DE JURISTES PROPOSE A DOMICILE OU SUR SITE SELON LES BESOINS DU CLIENT.,PROFESSIONNEL SPECIALISE EN JURISTES,NON PRIORITAIRE,NON PRIORITAIRE
298,AUTRES SERVICES,,EXPERTS JURIDIQUES,SERVICE DE EXPERTS JURIDIQUES PROPOSE A DOMICILE OU SUR SITE SELON LES BESOINS DU CLIENT.,PROFESSIONNEL SPECIALISE EN EXPERTS JURIDIQUES,NON PRIORITAIRE,NON PRIORITAIRE