,Unnamed: 0,service_id,category,subcategory,service_name,description,professional_required,priority_level,priority
0,273,274,ADMINISTRATIF ET CONSEILS,ADMINISTRATIF ET CONSEILS,ADMINISTRATIF ET CONSEILS,SERVICE DE ADMINISTRATIF ET CONSEILS PROPOSE À DOMICILE OU SUR SITE SELON LES BESOINS DU CLIENT.,PROFESSIONNEL SPECIALISE EN ADMINISTRATIF ET CONSEILS,PRIORITAIRE,NON PRIORITAIRE
1,292,293,ADMINISTRATIF ET CONSEILS,AIDE A LA RECUPERATION DE DOCUMENTS IMPORTANTS,AIDE A LA RECUPERATION DE DOCUMENTS IMPORTANTS,SERVICE DE AIDE À LA RECUPERATION DE DOCUMENTS IMPORTANTS PROPOSE À DOMICILE OU SUR SITE SELON LES BESOINS DU CLIENT.,PROFESSIONNEL SPECIALISE EN AIDE À LA RECUPERATION DE DOCUMENTS IMPORTANTS,PRIORITAIRE,NON PRIORITAIRE
2,282,283,ADMINISTRATIF ET CONSEILS,AIDE A LA REDACTION DE CONTRATS SIMPLES,AIDE A LA REDACTION DE CONTRATS SIMPLES,SERVICE DE AIDE À LA REDACTION DE CONTRATS SIMPLES PROPOSE À DOMICILE OU SUR SITE SELON LES BESOINS DU CLIENT.,PROFESSIONNEL SPECIALISE EN AIDE À LA REDACTION DE CONTRATS SIMPLES,PRIORITAIRE,NON PRIORITAIRE
3,277,278,ADMINISTRATIF ET CONSEILS,CLASSEMENT ET ARCHIVAGE DE DOCUMENTS,CLASSEMENT ET ARCHIVAGE DE DOCUMENTS,SERVICE DE CLASSEMENT ET ARCHIVAGE DE DOCUMENTS PROPOSE À DOMICILE OU SUR SITE SELON LES BESOINS DU CLIENT.,PROFESSIONNEL SPECIALISE EN CLASSEMENT ET ARCHIVAGE DE DOCUMENTS,PRIORITAIRE,NON PRIORITAIRE
4,285,286,ADMINISTRATIF ET CONSEILS,DECLARATION D'IMPOTS,DECLARATION D'IMPOTS,SERVICE DE DECLARATION D'IMPÔTS PROPOSE À DOMICILE OU SUR SITE SELON LES BESOINS DU CLIENT.,PROFESSIONNEL SPECIALISE EN DECLARATION D'IMPÔTS,PRIORITAIRE,NON PRIORITAIRE
5,276,277,ADMINISTRATIF ET CONSEILS,GESTION DU COURRIER,GESTION DU COURRIER,SERVICE DE GESTION DU COURRIER PROPOSE À DOMICILE OU SUR SITE SELON LES BESOINS DU CLIENT.,PROFESSIONNEL SPECIALISE EN GESTION DU COURRIER,PRIORITAIRE,NON PRIORITAIRE
6,289,290,ADMINISTRATIF ET CONSEILS,GESTION DE DOCUMENTS,GESTION DE DOCUMENTS,SERVICE DE GESTION DE DOCUMENTS PROPOSE À DOMICILE OU SUR SITE SELON LES BESOINS DU CLIENT.,PROFESSIONNEL SPECIALISE EN GESTION DE DOCUMENTS,PRIORITAIRE,NON PRIORITAIRE
7,123,124,AIDE AUX PERSONNES AGEES OU DEPENDANTES,AIDE POUR LES DEPLACEMENTS INTERIEURS ET EXTERIEURS,AIDE POUR LES DEPLACEMENTS INTERIEURS ET EXTERIEURS,SERVICE DE AIDE POUR LES DEPLACEMENTS INTERIEURS ET EXTERIEURS PROPOSE À DOMICILE OU SUR SITE SELON LES BESOINS DU CLIENT.,PROFESSIONNEL SPECIALISE EN AIDE POUR LES DEPLACEMENTS INTERIEURS ET EXTERIEURS,PRIORITAIRE,NON PRIORITAIRE
8,129,130,AIDE AUX PERSONNES AGEES OU DEPENDANTES,AIDE A L'ALIMENTATION,AIDE A L'ALIMENTATION,SERVICE DE AIDE À L'ALIMENTATION PROPOSE À DOMICILE OU SUR SITE SELON LES BESOINS DU CLIENT.,PROFESSIONNEL SPECIALISE EN AIDE À L'ALIMENTATION,PRIORITAIRE,NON PRIORITAIRE
9,130,131,AIDE AUX PERSONNES AGEES OU DEPENDANTES,AIDE A L'HYGIENE PERSONNELLE,AIDE A L'HYGIENE PERSONNELLE,SERVICE DE AIDE À L'HYGIENE PERSONNELLE PROPOSE À DOMICILE OU SUR SITE SELON LES BESOINS DU CLIENT.,PROFESSIONNEL SPECIALISE EN AIDE À L'HYGIENE PERSONNELLE,PRIORITAIRE,NON PRIORITAIRE
10,275,276,AIDE AUX PERSONNES AGEES OU DEPENDANTES,ASSISTANCE ADMINISTRATIVE,ASSISTANCE ADMINISTRATIVE,SERVICE DE ASSISTANCE ADMINISTRATIVE PROPOSE À DOMICILE OU SUR SITE SELON LES BESOINS DU CLIENT.,PROFESSIONNEL SPECIALISE EN ASSISTANCE ADMINISTRATIVE,PRIORITAIRE,PRIORITAIRE
11,145,146,AIDE AUX PERSONNES AGEES OU DEPENDANTES,ASSISTANCE INFORMATIQUE A DOMICILE,ASSISTANCE INFORMATIQUE A DOMICILE,SERVICE DE ASSISTANCE INFORMATIQUE À DOMICILE PROPOSE À DOMICILE OU SUR SITE SELON LES BESOINS DU CLIENT.,PROFESSIONNEL SPECIALISE EN ASSISTANCE INFORMATIQUE À DOMICILE,PRIORITAIRE,PRIORITAIRE
12,102,103,AIDE AUX PERSONNES AGEES OU DEPENDANTES,ASSISTANCE PARTICULIERE,ASSISTANCE PARTICULIERE,SERVICE DE ASSISTANCE PARTICULIERE PROPOSE À DOMICILE OU SUR SITE SELON LES BESOINS DU CLIENT.,PROFESSIONNEL SPECIALISE EN ASSISTANCE PARTICULIERE,PRIORITAIRE,PRIORITAIRE
13,135,136,AIDE AUX PERSONNES AGEES OU DEPENDANTES,ASSISTANCE POUR FAIRE LES COURSES,ASSISTANCE POUR FAIRE LES COURSES,SERVICE DE ASSISTANCE POUR FAIRE LES COURSES PROPOSE À DOMICILE OU SUR SITE SELON LES BESOINS DU CLIENT.,PROFESSIONNEL SPECIALISE EN ASSISTANCE POUR FAIRE LES COURSES,PRIORITAIRE,PRIORITAIRE
14,202,203,AIDE AUX PERSONNES AGEES OU DEPENDANTES,ASSISTANCE POUR LES DEMARCHES ADMINISTRATIVES,ASSISTANCE POUR LES DEMARCHES ADMINISTRATIVES,SERVICE DE ASSISTANCE POUR LES DEMARCHES ADMINISTRATIVES PROPOSE À DOMICILE OU SUR SITE SELON LES BESOINS DU CLIENT.,PROFESSIONNEL SPECIALISE EN ASSISTANCE POUR LES DEMARCHES ADMINISTRATIVES,PRIORITAIRE,PRIORITAIRE
15,210,211,AIDE AUX PERSONNES AGEES OU DEPENDANTES,ASSISTANCE POUR LES TRAJETS QUOTIDIENS,ASSISTANCE POUR LES TRAJETS QUOTIDIENS,SERVICE DE ASSISTANCE POUR LES TRAJETS QUOTIDIENS PROPOSE À DOMICILE OU SUR SITE SELON LES BESOINS DU CLIENT.,PROFESSIONNEL SPECIALISE EN ASSISTANCE POUR LES TRAJETS QUOTIDIENS,PRIORITAIRE,PRIORITAIRE
16,122,123,AIDE AUX PERSONNES AGEES OU DEPENDANTES,ASSISTANCE A LA MOBILITE,ASSISTANCE A LA MOBILITE,SERVICE DE ASSISTANCE À LA MOBILITE PROPOSE À DOMICILE OU SUR SITE SELON LES BESOINS DU CLIENT.,PROFESSIONNEL SPECIALISE EN ASSISTANCE À LA MOBILITE,PRIORITAIRE,PRIORITAIRE
17,125,126,AIDE AUX PERSONNES AGEES OU DEPENDANTES,EXERCICES DE MOBILITE,EXERCICES DE MOBILITE,SERVICE DE EXERCICES DE MOBILITE PROPOSE À DOMICILE OU SUR SITE SELON LES BESOINS DU CLIENT.,PROFESSIONNEL SPECIALISE EN EXERCICES DE MOBILITE,PRIORITAIRE,NON PRIORITAIRE
18,121,122,AIDE AUX PERSONNES AGEES OU DEPENDANTES,JE DELEGUE L'ASSISTANCE AUX PERSONNES DEPENDANTES,JE DELEGUE L'ASSISTANCE AUX PERSONNES DEPENDANTES,SERVICE DE JE DELEGUE L'ASSISTANCE AUX PERSONNES DEPENDANTES PROPOSE À DOMICILE OU SUR SITE SELON LES BESOINS DU CLIENT.,PROFESSIONNEL SPECIALISE EN JE DELEGUE L'ASSISTANCE AUX PERSONNES DEPENDANTES,PRIORITAIRE,PRIORITAIRE
19,208,209,AIDE AUX PERSONNES AGEES OU DEPENDANTES,SERVICES DE CHAUFFEUR POUR DEPLACEMENTS PRIVES,SERVICES DE CHAUFFEUR POUR DEPLACEMENTS PRIVES,SERVICE DE SERVICES DE CHAUFFEUR POUR DEPLACEMENTS PRIVES PROPOSE À DOMICILE OU SUR SITE SELON LES BESOINS DU CLIENT.,PROFESSIONNEL SPECIALISE EN SERVICES DE CHAUFFEUR POUR DEPLACEMENTS PRIVES,PRIORITAIRE,NON PRIORITAIRE
20,133,134,AIDE AUX PERSONNES AGEES OU DEPENDANTES,SOINS D'HYGIENE DE BASE,SOINS D'HYGIENE DE BASE,SERVICE DE SOINS D'HYGIENE DE BASE PROPOSE À DOMICILE OU SUR SITE SELON LES BESOINS DU CLIENT.,PROFESSIONNEL SPECIALISE EN SOINS D'HYGIENE DE BASE,PRIORITAIRE,NON PRIORITAIRE
21,249,250,"AMENAGEMENT, DEMENAGEMENT ET MANUTENTION","AMENAGEMENT, DEMENAGEMENT ET MANUTENTION","AMENAGEMENT, DEMENAGEMENT ET MANUTENTION","SERVICE DE AMENAGEMENT, DEMENAGEMENT ET MANUTENTION PROPOSE À DOMICILE OU SUR SITE SELON LES BESOINS DU CLIENT.","PROFESSIONNEL SPECIALISE EN AMENAGEMENT, DEMENAGEMENT ET MANUTENTION",PRIORITAIRE,PRIORITAIRE
22,251,252,"AMENAGEMENT, DEMENAGEMENT ET MANUTENTION",AIDE AU DEMENAGEMENT,AIDE AU DEMENAGEMENT,SERVICE DE AIDE AU DEMENAGEMENT PROPOSE À DOMICILE OU SUR SITE SELON LES BESOINS DU CLIENT.,PROFESSIONNEL SPECIALISE EN AIDE AU DEMENAGEMENT,PRIORITAIRE,PRIORITAIRE
23,253,254,"AMENAGEMENT, DEMENAGEMENT ET MANUTENTION",CHARGEMENT ET DECHARGEMENT DES CAMIONS,CHARGEMENT ET DECHARGEMENT DES CAMIONS,SERVICE DE CHARGEMENT ET DECHARGEMENT DES CAMIONS PROPOSE À DOMICILE OU SUR SITE SELON LES BESOINS DU CLIENT.,PROFESSIONNEL SPECIALISE EN CHARGEMENT ET DECHARGEMENT DES CAMIONS,PRIORITAIRE,NON PRIORITAIRE
24,250,251,"AMENAGEMENT, DEMENAGEMENT ET MANUTENTION",JE DELEGUE MON DEMENAGEMENTAMENAGEMENT,JE DELEGUE MON DEMENAGEMENTAMENAGEMENT,SERVICE DE JE DELEGUE MON DEMENAGEMENTAMENAGEMENT PROPOSE À DOMICILE OU SUR SITE SELON LES BESOINS DU CLIENT.,PROFESSIONNEL SPECIALISE EN JE DELEGUE MON DEMENAGEMENTAMENAGEMENT,PRIORITAIRE,PRIORITAIRE
25,258,259,"AMENAGEMENT, DEMENAGEMENT ET MANUTENTION",ORGANISATION DES CARTONS PAR PIECE,ORGANISATION DES CARTONS PAR PIECE,SERVICE DE ORGANISATION DES CARTONS PAR PIECE PROPOSE À DOMICILE OU SUR SITE SELON LES BESOINS DU CLIENT.,PROFESSIONNEL SPECIALISE EN ORGANISATION DES CARTONS PAR PIECE,PRIORITAIRE,NON PRIORITAIRE
26,120,121,AUTRES SERVICES,AIDE AUX PERSONNES AGEES OU DEPENDANTES,AIDE AUX PERSONNES AGEES OU DEPENDANTES,SERVICE DE AIDE AUX PERSONNES AGEES OU DEPENDANTES PROPOSE À DOMICILE OU SUR SITE SELON LES BESOINS DU CLIENT.,PROFESSIONNEL SPECIALISE EN AIDE AUX PERSONNES AGEES OU DEPENDANTES,PRIORITAIRE,NON PRIORITAIRE
27,137,138,AUTRES SERVICES,AIDE A LA GESTION DES ACHATS,AIDE A LA GESTION DES ACHATS,SERVICE DE AIDE À LA GESTION DES ACHATS PROPOSE À DOMICILE OU SUR SITE SELON LES BESOINS DU CLIENT.,PROFESSIONNEL SPECIALISE EN AIDE À LA GESTION DES ACHATS,NON PRIORITAIRE,NON PRIORITAIRE
28,131,132,AUTRES SERVICES,AIDE A LA TOILETTE QUOTIDIENNE,AIDE A LA TOILETTE QUOTIDIENNE,SERVICE DE AIDE À LA TOILETTE QUOTIDIENNE PROPOSE À DOMICILE OU SUR SITE SELON LES BESOINS DU CLIENT.,PROFESSIONNEL SPECIALISE EN AIDE À LA TOILETTE QUOTIDIENNE,NON PRIORITAIRE,NON PRIORITAIRE
29,112,113,AUTRES SERVICES,AIDE-MENAGERE,AIDE-MENAGERE,SERVICE DE AIDE-MENAGERE PROPOSE À DOMICILE OU SUR SITE SELON LES BESOINS DU CLIENT.,PROFESSIONNEL SPECIALISE EN AIDE-MENAGERE,NON PRIORITAIRE,NON PRIORITAIRE
30,139,140,AUTRES SERVICES,AIDE-SOIGNANT(ES),AIDE-SOIGNANT(ES),SERVICE DE AIDE-SOIGNANT(ES) PROPOSE À DOMICILE OU SUR SITE SELON LES BESOINS DU CLIENT.,PROFESSIONNEL SPECIALISE EN AIDE-SOIGNANT(ES),NON PRIORITAIRE,NON PRIORITAIRE
32,263,264,AUTRES SERVICES,AMENAGEMENT,AMENAGEMENT,SERVICE DE AMENAGEMENT PROPOSE À DOMICILE OU SUR SITE SELON LES BESOINS DU CLIENT.,PROFESSIONNEL SPECIALISE EN AMENAGEMENT,NON PRIORITAIRE,NON PRIORITAIRE
33,158,159,AUTRES SERVICES,ANIMATION ET MOTION DESIGN,ANIMATION ET MOTION DESIGN,SERVICE DE ANIMATION ET MOTION DESIGN PROPOSE À DOMICILE OU SUR SITE SELON LES BESOINS DU CLIENT.,PROFESSIONNEL SPECIALISE EN ANIMATION ET MOTION DESIGN,NON PRIORITAIRE,NON PRIORITAIRE
34,74,75,AUTRES SERVICES,APPLICATION DE SOUS-COUCHE ET PEINTURE,APPLICATION DE SOUS-COUCHE ET PEINTURE,SERVICE DE APPLICATION DE SOUS-COUCHE ET PEINTURE PROPOSE À DOMICILE OU SUR SITE SELON LES BESOINS DU CLIENT.,PROFESSIONNEL SPECIALISE EN APPLICATION DE SOUS-COUCHE ET PEINTURE,NON PRIORITAIRE,NON PRIORITAIRE
35,237,238,AUTRES SERVICES,ART DE LA TABLE,ART DE LA TABLE,SERVICE DE ART DE LA TABLE PROPOSE À DOMICILE OU SUR SITE SELON LES BESOINS DU CLIENT.,PROFESSIONNEL SPECIALISE EN ART DE LA TABLE,NON PRIORITAIRE,NON PRIORITAIRE
36,295,296,AUTRES SERVICES,ASSISTANT(ES) ADMINISTRATIFS,ASSISTANT(ES) ADMINISTRATIFS,SERVICE DE ASSISTANT(ES) ADMINISTRATIFS PROPOSE À DOMICILE OU SUR SITE SELON LES BESOINS DU CLIENT.,PROFESSIONNEL SPECIALISE EN ASSISTANT(ES) ADMINISTRATIFS,PRIORITAIRE,NON PRIORITAIRE
37,288,289,AUTRES SERVICES,AUTRE,AUTRE,SERVICE DE AUTRE PROPOSE À DOMICILE OU SUR SITE SELON LES BESOINS DU CLIENT.,PROFESSIONNEL SPECIALISE EN AUTRE,NON PRIORITAIRE,NON PRIORITAIRE
38,169,170,AUTRES SERVICES,BIEN-ETRE ET BEAUTE,BIEN-ETRE ET BEAUTE,SERVICE DE BIEN-ETRE ET BEAUTE PROPOSE À DOMICILE OU SUR SITE SELON LES BESOINS DU CLIENT.,PROFESSIONNEL SPECIALISE EN BIEN-ETRE ET BEAUTE,NON PRIORITAIRE,NON PRIORITAIRE
39,57,58,AUTRES SERVICES,BRICOLAGE ET PETITS TRAVAUX,BRICOLAGE ET PETITS TRAVAUX,SERVICE DE BRICOLAGE ET PETITS TRAVAUX PROPOSE À DOMICILE OU SUR SITE SELON LES BESOINS DU CLIENT.,PROFESSIONNEL SPECIALISE EN BRICOLAGE ET PETITS TRAVAUX,NON PRIORITAIRE,NON PRIORITAIRE
40,218,219,AUTRES SERVICES,BARMAN,BARMAN,SERVICE DE BARMAN PROPOSE À DOMICILE OU SUR SITE SELON LES BESOINS DU CLIENT.,PROFESSIONNEL SPECIALISE EN BARMAN,NON PRIORITAIRE,NON PRIORITAIRE
42,36,37,AUTRES SERVICES,BORDURES DE PELOUSE,BORDURES DE PELOUSE,SERVICE DE BORDURES DE PELOUSE PROPOSE À DOMICILE OU SUR SITE SELON LES BESOINS DU CLIENT.,PROFESSIONNEL SPECIALISE EN BORDURES DE PELOUSE,NON PRIORITAIRE,NON PRIORITAIRE
43,174,175,AUTRES SERVICES,BRIDAL MAKE-UP,BRIDAL MAKE-UP,SERVICE DE BRIDAL MAKE-UP PROPOSE À DOMICILE OU SUR SITE SELON LES BESOINS DU CLIENT.,PROFESSIONNEL SPECIALISE EN BRIDAL MAKE-UP,NON PRIORITAIRE,NON PRIORITAIRE
44,224,225,AUTRES SERVICES,BRUNCH,BRUNCH,SERVICE DE BRUNCH PROPOSE À DOMICILE OU SUR SITE SELON LES BESOINS DU CLIENT.,PROFESSIONNEL SPECIALISE EN BRUNCH,NON PRIORITAIRE,NON PRIORITAIRE
45,172,173,AUTRES SERVICES,CASUAL MAKE-UP,CASUAL MAKE-UP,SERVICE DE CASUAL MAKE-UP PROPOSE À DOMICILE OU SUR SITE SELON LES BESOINS DU CLIENT.,PROFESSIONNEL SPECIALISE EN CASUAL MAKE-UP,NON PRIORITAIRE,NON PRIORITAIRE
46,214,215,AUTRES SERVICES,CHAUFFEURS BILINGUES,CHAUFFEURS BILINGUES,SERVICE DE CHAUFFEURS BILINGUES PROPOSE À DOMICILE OU SUR SITE SELON LES BESOINS DU CLIENT.,PROFESSIONNEL SPECIALISE EN CHAUFFEURS BILINGUES,NON PRIORITAIRE,NON PRIORITAIRE
47,213,214,AUTRES SERVICES,CHAUFFEURS PRIVES,CHAUFFEURS PRIVES,SERVICE DE CHAUFFEURS PRIVES PROPOSE À DOMICILE OU SUR SITE SELON LES BESOINS DU CLIENT.,PROFESSIONNEL SPECIALISE EN CHAUFFEURS PRIVES,NON PRIORITAIRE,NON PRIORITAIRE
48,118,119,AUTRES SERVICES,COACH DE VIE,COACH DE VIE,SERVICE DE COACH DE VIE PROPOSE À DOMICILE OU SUR SITE SELON LES BESOINS DU CLIENT.,PROFESSIONNEL SPECIALISE EN COACH DE VIE,NON PRIORITAIRE,NON PRIORITAIRE
49,187,188,AUTRES SERVICES,COACHING SPOTIF,COACHING SPOTIF,SERVICE DE COACHING SPOTIF PROPOSE À DOMICILE OU SUR SITE SELON LES BESOINS DU CLIENT.,PROFESSIONNEL SPECIALISE EN COACHING SPOTIF,NON PRIORITAIRE,NON PRIORITAIRE
50,192,193,AUTRES SERVICES,COACHS SPORTIFS,COACHS SPORTIFS,SERVICE DE COACHS SPORTIFS PROPOSE À DOMICILE OU SUR SITE SELON LES BESOINS DU CLIENT.,PROFESSIONNEL SPECIALISE EN COACHS SPORTIFS,NON PRIORITAIRE,NON PRIORITAIRE
51,226,227,AUTRES SERVICES,COACKTAIL DINATOIRE,COACKTAIL DINATOIRE,SERVICE DE COACKTAIL DINATOIRE PROPOSE À DOMICILE OU SUR SITE SELON LES BESOINS DU CLIENT.,PROFESSIONNEL SPECIALISE EN COACKTAIL DINATOIRE,NON PRIORITAIRE,NON PRIORITAIRE
52,194,195,AUTRES SERVICES,COIFFEURS(EUSES),COIFFEURS(EUSES),SERVICE DE COIFFEURS(EUSES) PROPOSE À DOMICILE OU SUR SITE SELON LES BESOINS DU CLIENT.,PROFESSIONNEL SPECIALISE EN COIFFEURS(EUSES),NON PRIORITAIRE,NON PRIORITAIRE
53,177,178,AUTRES SERVICES,COLORATION ET MECHES,COLORATION ET MECHES,SERVICE DE COLORATION ET MECHES PROPOSE À DOMICILE OU SUR SITE SELON LES BESOINS DU CLIENT.,PROFESSIONNEL SPECIALISE EN COLORATION ET MECHES,NON PRIORITAIRE,NON PRIORITAIRE
54,79,80,AUTRES SERVICES,COMPTOIRS ET ARMOIRES,COMPTOIRS ET ARMOIRES,SERVICE DE COMPTOIRS ET ARMOIRES PROPOSE À DOMICILE OU SUR SITE SELON LES BESOINS DU CLIENT.,PROFESSIONNEL SPECIALISE EN COMPTOIRS ET ARMOIRES,NON PRIORITAIRE,NON PRIORITAIRE
55,155,156,AUTRES SERVICES,CONCEPTION GRAPHIQUE,CONCEPTION GRAPHIQUE,SERVICE DE CONCEPTION GRAPHIQUE PROPOSE À DOMICILE OU SUR SITE SELON LES BESOINS DU CLIENT.,PROFESSIONNEL SPECIALISE EN CONCEPTION GRAPHIQUE,NON PRIORITAIRE,NON PRIORITAIRE
56,280,281,AUTRES SERVICES,CONSEILS JURIDIQUES DE BASE,CONSEILS JURIDIQUES DE BASE,SERVICE DE CONSEILS JURIDIQUES DE BASE PROPOSE À DOMICILE OU SUR SITE SELON LES BESOINS DU CLIENT.,PROFESSIONNEL SPECIALISE EN CONSEILS JURIDIQUES DE BASE,NON PRIORITAIRE,NON PRIORITAIRE
57,291,292,AUTRES SERVICES,CREATION DE SYSTEMES DE CLASSEMENT,CREATION DE SYSTEMES DE CLASSEMENT,SERVICE DE CREATION DE SYSTEMES DE CLASSEMENT PROPOSE À DOMICILE OU SUR SITE SELON LES BESOINS DU CLIENT.,PROFESSIONNEL SPECIALISE EN CREATION DE SYSTEMES DE CLASSEMENT,NON PRIORITAIRE,NON PRIORITAIRE
58,287,288,AUTRES SERVICES,CREATION D'ENTREPRISE,CREATION D'ENTREPRISE,SERVICE DE CREATION D'ENTREPRISE PROPOSE À DOMICILE OU SUR SITE SELON LES BESOINS DU CLIENT.,PROFESSIONNEL SPECIALISE EN CREATION D'ENTREPRISE,NON PRIORITAIRE,NON PRIORITAIRE
59,3,4,AUTRES SERVICES,DEPOUSSIERAGE DES SURFACES,DEPOUSSIERAGE DES SURFACES,SERVICE DE DEPOUSSIERAGE DES SURFACES PROPOSE À DOMICILE OU SUR SITE SELON LES BESOINS DU CLIENT.,PROFESSIONNEL SPECIALISE EN DEPOUSSIERAGE DES SURFACES,NON PRIORITAIRE,NON PRIORITAIRE
60,227,228,AUTRES SERVICES,DINER,DINER,SERVICE DE DINER PROPOSE À DOMICILE OU SUR SITE SELON LES BESOINS DU CLIENT.,PROFESSIONNEL SPECIALISE EN DINER,NON PRIORITAIRE,NON PRIORITAIRE
61,196,197,AUTRES SERVICES,DIETITICIENS,DIETITICIENS,SERVICE DE DIETITICIENS PROPOSE À DOMICILE OU SUR SITE SELON LES BESOINS DU CLIENT.,PROFESSIONNEL SPECIALISE EN DIETITICIENS,NON PRIORITAIRE,NON PRIORITAIRE
62,142,143,AUTRES SERVICES,DIETETICIENS,DIETETICIENS,SERVICE DE DIETETICIENS PROPOSE À DOMICILE OU SUR SITE SELON LES BESOINS DU CLIENT.,PROFESSIONNEL SPECIALISE EN DIETETICIENS,NON PRIORITAIRE,NON PRIORITAIRE
63,270,271,AUTRES SERVICES,DOCKERBAGAGISTE,DOCKERBAGAGISTE,SERVICE DE DOCKERBAGAGISTE PROPOSE À DOMICILE OU SUR SITE SELON LES BESOINS DU CLIENT.,PROFESSIONNEL SPECIALISE EN DOCKERBAGAGISTE,NON PRIORITAIRE,NON PRIORITAIRE
64,259,260,AUTRES SERVICES,DEBALLAGE ET RANGEMENT DANS LE NOUVEAU DOMICILE,DEBALLAGE ET RANGEMENT DANS LE NOUVEAU DOMICILE,SERVICE DE DEBALLAGE ET RANGEMENT DANS LE NOUVEAU DOMICILE PROPOSE À DOMICILE OU SUR SITE SELON LES BESOINS DU CLIENT.,PROFESSIONNEL SPECIALISE EN DEBALLAGE ET RANGEMENT DANS LE NOUVEAU DOMICILE,NON PRIORITAIRE,NON PRIORITAIRE
65,65,66,AUTRES SERVICES,DEBOUCHAGE DE CANALISATIONS,DEBOUCHAGE DE CANALISATIONS,SERVICE DE DEBOUCHAGE DE CANALISATIONS PROPOSE À DOMICILE OU SUR SITE SELON LES BESOINS DU CLIENT.,PROFESSIONNEL SPECIALISE EN DEBOUCHAGE DE CANALISATIONS,NON PRIORITAIRE,NON PRIORITAIRE
66,248,249,AUTRES SERVICES,DECORATEURS EVENEMENTIELS,DECORATEURS EVENEMENTIELS,SERVICE DE DECORATEURS EVENEMENTIELS PROPOSE À DOMICILE OU SUR SITE SELON LES BESOINS DU CLIENT.,PROFESSIONNEL SPECIALISE EN DECORATEURS EVENEMENTIELS,NON PRIORITAIRE,NON PRIORITAIRE
67,225,226,AUTRES SERVICES,DEJEUNER,DEJEUNER,SERVICE DE DEJEUNER PROPOSE À DOMICILE OU SUR SITE SELON LES BESOINS DU CLIENT.,PROFESSIONNEL SPECIALISE EN DEJEUNER,NON PRIORITAIRE,NON PRIORITAIRE
68,284,285,AUTRES SERVICES,DEMARCHES ADMINISTRATIVES,DEMARCHES ADMINISTRATIVES,SERVICE DE DEMARCHES ADMINISTRATIVES PROPOSE À DOMICILE OU SUR SITE SELON LES BESOINS DU CLIENT.,PROFESSIONNEL SPECIALISE EN DEMARCHES ADMINISTRATIVES,NON PRIORITAIRE,NON PRIORITAIRE
69,41,42,AUTRES SERVICES,DESHERBAGE,DESHERBAGE,SERVICE DE DESHERBAGE PROPOSE À DOMICILE OU SUR SITE SELON LES BESOINS DU CLIENT.,PROFESSIONNEL SPECIALISE EN DESHERBAGE,NON PRIORITAIRE,NON PRIORITAIRE
70,42,43,AUTRES SERVICES,DESHERBAGE MANUEL,DESHERBAGE MANUEL,SERVICE DE DESHERBAGE MANUEL PROPOSE À DOMICILE OU SUR SITE SELON LES BESOINS DU CLIENT.,PROFESSIONNEL SPECIALISE EN DESHERBAGE MANUEL,NON PRIORITAIRE,NON PRIORITAIRE
71,105,106,AUTRES SERVICES,DEVELOPPEMENT PSYCHOMOTEUR,DEVELOPPEMENT PSYCHOMOTEUR,SERVICE DE DEVELOPPEMENT PSYCHOMOTEUR PROPOSE À DOMICILE OU SUR SITE SELON LES BESOINS DU CLIENT.,PROFESSIONNEL SPECIALISE EN DEVELOPPEMENT PSYCHOMOTEUR,NON PRIORITAIRE,NON PRIORITAIRE
72,167,168,AUTRES SERVICES,DEVELOPPEURS,DEVELOPPEURS,SERVICE DE DEVELOPPEURS PROPOSE À DOMICILE OU SUR SITE SELON LES BESOINS DU CLIENT.,PROFESSIONNEL SPECIALISE EN DEVELOPPEURS,NON PRIORITAIRE,NON PRIORITAIRE
73,114,115,AUTRES SERVICES,EDUCATEUR SPECIALISE,EDUCATEUR SPECIALISE,SERVICE DE EDUCATEUR SPECIALISE PROPOSE À DOMICILE OU SUR SITE SELON LES BESOINS DU CLIENT.,PROFESSIONNEL SPECIALISE EN EDUCATEUR SPECIALISE,NON PRIORITAIRE,NON PRIORITAIRE
74,39,40,AUTRES SERVICES,ELIMINATION DES BRANCHES MORTES,ELIMINATION DES BRANCHES MORTES,SERVICE DE ELIMINATION DES BRANCHES MORTES PROPOSE À DOMICILE OU SUR SITE SELON LES BESOINS DU CLIENT.,PROFESSIONNEL SPECIALISE EN ELIMINATION DES BRANCHES MORTES,NON PRIORITAIRE,NON PRIORITAIRE
75,35,36,AUTRES SERVICES,ELIMINATION DES MAUVAIS HERBES,ELIMINATION DES MAUVAIS HERBES,SERVICE DE ELIMINATION DES MAUVAIS HERBES PROPOSE À DOMICILE OU SUR SITE SELON LES BESOINS DU CLIENT.,PROFESSIONNEL SPECIALISE EN ELIMINATION DES MAUVAIS HERBES,NON PRIORITAIRE,NON PRIORITAIRE
76,252,253,AUTRES SERVICES,EMBALLAGE DES BIENS,EMBALLAGE DES BIENS,SERVICE DE EMBALLAGE DES BIENS PROPOSE À DOMICILE OU SUR SITE SELON LES BESOINS DU CLIENT.,PROFESSIONNEL SPECIALISE EN EMBALLAGE DES BIENS,NON PRIORITAIRE,NON PRIORITAIRE
77,256,257,AUTRES SERVICES,EMBALLAGE ET DEBALLAGE,EMBALLAGE ET DEBALLAGE,SERVICE DE EMBALLAGE ET DEBALLAGE PROPOSE À DOMICILE OU SUR SITE SELON LES BESOINS DU CLIENT.,PROFESSIONNEL SPECIALISE EN EMBALLAGE ET DEBALLAGE,NON PRIORITAIRE,NON PRIORITAIRE
78,115,116,AUTRES SERVICES,ENCADREURS DE LA PETITE ENFANCE,ENCADREURS DE LA PETITE ENFANCE,SERVICE DE ENCADREURS DE LA PETITE ENFANCE PROPOSE À DOMICILE OU SUR SITE SELON LES BESOINS DU CLIENT.,PROFESSIONNEL SPECIALISE EN ENCADREURS DE LA PETITE ENFANCE,NON PRIORITAIRE,NON PRIORITAIRE
79,8,9,AUTRES SERVICES,ENLEVEMENT DES DEBRIS,ENLEVEMENT DES DEBRIS,SERVICE DE ENLEVEMENT DES DEBRIS PROPOSE À DOMICILE OU SUR SITE SELON LES BESOINS DU CLIENT.,PROFESSIONNEL SPECIALISE EN ENLEVEMENT DES DEBRIS,NON PRIORITAIRE,NON PRIORITAIRE
80,116,117,AUTRES SERVICES,ENSEIGNANTS,ENSEIGNANTS,SERVICE DE ENSEIGNANTS PROPOSE À DOMICILE OU SUR SITE SELON LES BESOINS DU CLIENT.,PROFESSIONNEL SPECIALISE EN ENSEIGNANTS,NON PRIORITAIRE,NON PRIORITAIRE
82,182,183,AUTRES SERVICES,EPILATION,EPILATION,SERVICE DE EPILATION PROPOSE À DOMICILE OU SUR SITE SELON LES BESOINS DU CLIENT.,PROFESSIONNEL SPECIALISE EN EPILATION,NON PRIORITAIRE,NON PRIORITAIRE
83,193,194,AUTRES SERVICES,ESTHETICIENNES,ESTHETICIENNES,SERVICE DE ESTHETICIENNES PROPOSE À DOMICILE OU SUR SITE SELON LES BESOINS DU CLIENT.,PROFESSIONNEL SPECIALISE EN ESTHETICIENNES,NON PRIORITAIRE,NON PRIORITAIRE
84,228,229,AUTRES SERVICES,EVENT DESIGNERPLANNER,EVENT DESIGNERPLANNER,SERVICE DE EVENT DESIGNERPLANNER PROPOSE À DOMICILE OU SUR SITE SELON LES BESOINS DU CLIENT.,PROFESSIONNEL SPECIALISE EN EVENT DESIGNERPLANNER,NON PRIORITAIRE,NON PRIORITAIRE
85,245,246,AUTRES SERVICES,EVENT PLANNER,EVENT PLANNER,SERVICE DE EVENT PLANNER PROPOSE À DOMICILE OU SUR SITE SELON LES BESOINS DU CLIENT.,PROFESSIONNEL SPECIALISE EN EVENT PLANNER,NON PRIORITAIRE,NON PRIORITAIRE
86,221,222,AUTRES SERVICES,EVENEMENTS SPECIAUX,EVENEMENTS SPECIAUX,SERVICE DE EVENEMENTS SPECIAUX PROPOSE À DOMICILE OU SUR SITE SELON LES BESOINS DU CLIENT.,PROFESSIONNEL SPECIALISE EN EVENEMENTS SPECIAUX,NON PRIORITAIRE,NON PRIORITAIRE
87,297,298,AUTRES SERVICES,EXPERTS JURIDIQUES,EXPERTS JURIDIQUES,SERVICE DE EXPERTS JURIDIQUES PROPOSE À DOMICILE OU SUR SITE SELON LES BESOINS DU CLIENT.,PROFESSIONNEL SPECIALISE EN EXPERTS JURIDIQUES,NON PRIORITAIRE,NON PRIORITAIRE
88,216,217,AUTRES SERVICES,FETES ET EVENEMENTS,FETES ET EVENEMENTS,SERVICE DE FETES ET EVENEMENTS PROPOSE À DOMICILE OU SUR SITE SELON LES BESOINS DU CLIENT.,PROFESSIONNEL SPECIALISE EN FETES ET EVENEMENTS,NON PRIORITAIRE,NON PRIORITAIRE
89,27,28,AUTRES SERVICES,FANIKO,FANIKO,SERVICE DE FANIKO PROPOSE À DOMICILE OU SUR SITE SELON LES BESOINS DU CLIENT.,PROFESSIONNEL SPECIALISE EN FANIKO,NON PRIORITAIRE,NON PRIORITAIRE
90,76,77,AUTRES SERVICES,FENETRES ET PORTES,FENETRES ET PORTES,SERVICE DE FENÊTRES ET PORTES PROPOSE À DOMICILE OU SUR SITE SELON LES BESOINS DU CLIENT.,PROFESSIONNEL SPECIALISE EN FENÊTRES ET PORTES,NON PRIORITAIRE,NON PRIORITAIRE
92,173,174,AUTRES SERVICES,FESTIVE MAKE-UP,FESTIVE MAKE-UP,SERVICE DE FESTIVE MAKE-UP PROPOSE À DOMICILE OU SUR SITE SELON LES BESOINS DU CLIENT.,PROFESSIONNEL SPECIALISE EN FESTIVE MAKE-UP,NON PRIORITAIRE,NON PRIORITAIRE
93,159,160,AUTRES SERVICES,FORMATION AUX TIC,FORMATION AUX TIC,SERVICE DE FORMATION AUX TIC PROPOSE À DOMICILE OU SUR SITE SELON LES BESOINS DU CLIENT.,PROFESSIONNEL SPECIALISE EN FORMATION AUX TIC,NON PRIORITAIRE,NON PRIORITAIRE
94,257,258,AUTRES SERVICES,FOURNITURE DE MATERIEL D'EMBALLAGE,FOURNITURE DE MATERIEL D'EMBALLAGE,SERVICE DE FOURNITURE DE MATERIEL D'EMBALLAGE PROPOSE À DOMICILE OU SUR SITE SELON LES BESOINS DU CLIENT.,PROFESSIONNEL SPECIALISE EN FOURNITURE DE MATERIEL D'EMBALLAGE,NON PRIORITAIRE,NON PRIORITAIRE
95,80,81,AUTRES SERVICES,FROID,FROID,SERVICE DE FROID PROPOSE À DOMICILE OU SUR SITE SELON LES BESOINS DU CLIENT.,PROFESSIONNEL SPECIALISE EN FROID,NON PRIORITAIRE,NON PRIORITAIRE
96,278,279,AUTRES SERVICES,GESTION D'AGENDA VIRTUEL ET PRISE DE RDV,GESTION D'AGENDA VIRTUEL ET PRISE DE RDV,SERVICE DE GESTION D'AGENDA VIRTUEL ET PRISE DE RDV PROPOSE À DOMICILE OU SUR SITE SELON LES BESOINS DU CLIENT.,PROFESSIONNEL SPECIALISE EN GESTION D'AGENDA VIRTUEL ET PRISE DE RDV,NON PRIORITAIRE,NON PRIORITAIRE
97,205,206,AUTRES SERVICES,GESTION DES FILES D'ATTENTE,GESTION DES FILES D'ATTENTE,SERVICE DE GESTION DES FILES D'ATTENTE PROPOSE À DOMICILE OU SUR SITE SELON LES BESOINS DU CLIENT.,PROFESSIONNEL SPECIALISE EN GESTION DES FILES D'ATTENTE,NON PRIORITAIRE,NON PRIORITAIRE
98,220,221,AUTRES SERVICES,GESTION DU BAR,GESTION DU BAR,SERVICE DE GESTION DU BAR PROPOSE À DOMICILE OU SUR SITE SELON LES BESOINS DU CLIENT.,PROFESSIONNEL SPECIALISE EN GESTION DU BAR,NON PRIORITAIRE,NON PRIORITAIRE
99,132,133,AUTRES SERVICES,HABILLAGE ET DESHABILLAGE,HABILLAGE ET DESHABILLAGE,SERVICE DE HABILLAGE ET DESHABILLAGE PROPOSE À DOMICILE OU SUR SITE SELON LES BESOINS DU CLIENT.,PROFESSIONNEL SPECIALISE EN HABILLAGE ET DESHABILLAGE,NON PRIORITAIRE,NON PRIORITAIRE
100,29,30,AUTRES SERVICES,HOMMEFEMME A TOUT FAIRE,HOMMEFEMME A TOUT FAIRE,SERVICE DE HOMMEFEMME À TOUT FAIRE PROPOSE À DOMICILE OU SUR SITE SELON LES BESOINS DU CLIENT.,PROFESSIONNEL SPECIALISE EN HOMMEFEMME À TOUT FAIRE,NON PRIORITAIRE,NON PRIORITAIRE
109,165,166,AUTRES SERVICES,INFOGRAPHES,INFOGRAPHES,SERVICE DE INFOGRAPHES PROPOSE À DOMICILE OU SUR SITE SELON LES BESOINS DU CLIENT.,PROFESSIONNEL SPECIALISE EN INFOGRAPHES,NON PRIORITAIRE,NON PRIORITAIRE
110,164,165,AUTRES SERVICES,INFORMATICIENS,INFORMATICIENS,SERVICE DE INFORMATICIENS PROPOSE À DOMICILE OU SUR SITE SELON LES BESOINS DU CLIENT.,PROFESSIONNEL SPECIALISE EN INFORMATICIENS,NON PRIORITAIRE,NON PRIORITAIRE
111,170,171,AUTRES SERVICES,J'ENGAGE UN SPECIALISTE DE LA BEAUTE ET DU BIEN-ETRE,J'ENGAGE UN SPECIALISTE DE LA BEAUTE ET DU BIEN-ETRE,SERVICE DE J'ENGAGE UN SPECIALISTE DE LA BEAUTE ET DU BIEN-ÊTRE PROPOSE À DOMICILE OU SUR SITE SELON LES BESOINS DU CLIENT.,PROFESSIONNEL SPECIALISE EN J'ENGAGE UN SPECIALISTE DE LA BEAUTE ET DU BIEN-ÊTRE,NON PRIORITAIRE,NON PRIORITAIRE
112,217,218,AUTRES SERVICES,J'ORGANISE LA MEILLEURE FETE,J'ORGANISE LA MEILLEURE FETE,SERVICE DE J'ORGANISE LA MEILLEURE FÊTE PROPOSE À DOMICILE OU SUR SITE SELON LES BESOINS DU CLIENT.,PROFESSIONNEL SPECIALISE EN J'ORGANISE LA MEILLEURE FÊTE,NON PRIORITAIRE,NON PRIORITAIRE
113,51,52,AUTRES SERVICES,JARDINIERS,JARDINIERS,SERVICE DE JARDINIERS PROPOSE À DOMICILE OU SUR SITE SELON LES BESOINS DU CLIENT.,PROFESSIONNEL SPECIALISE EN JARDINIERS,NON PRIORITAIRE,NON PRIORITAIRE
114,58,59,AUTRES SERVICES,JE DELEGUE LES PETITS TRAVAUX,JE DELEGUE LES PETITS TRAVAUX,SERVICE DE JE DELEGUE LES PETITS TRAVAUX PROPOSE À DOMICILE OU SUR SITE SELON LES BESOINS DU CLIENT.,PROFESSIONNEL SPECIALISE EN JE DELEGUE LES PETITS TRAVAUX,NON PRIORITAIRE,NON PRIORITAIRE
115,274,275,AUTRES SERVICES,JE DELEGUE MES TACHES ADMINISTRATIVES,JE DELEGUE MES TACHES ADMINISTRATIVES,SERVICE DE JE DELEGUE MES TACHES ADMINISTRATIVES PROPOSE À DOMICILE OU SUR SITE SELON LES BESOINS DU CLIENT.,PROFESSIONNEL SPECIALISE EN JE DELEGUE MES TACHES ADMINISTRATIVES,NON PRIORITAIRE,NON PRIORITAIRE
116,198,199,AUTRES SERVICES,JE ME FAIS ACCOMPAGNER,JE ME FAIS ACCOMPAGNER,SERVICE DE JE ME FAIS ACCOMPAGNER PROPOSE À DOMICILE OU SUR SITE SELON LES BESOINS DU CLIENT.,PROFESSIONNEL SPECIALISE EN JE ME FAIS ACCOMPAGNER,NON PRIORITAIRE,NON PRIORITAIRE
117,144,145,AUTRES SERVICES,JE ME FAIS ASSISTER DANS L'USAGE DES TIC,JE ME FAIS ASSISTER DANS L'USAGE DES TIC,SERVICE DE JE ME FAIS ASSISTER DANS L'USAGE DES TIC PROPOSE À DOMICILE OU SUR SITE SELON LES BESOINS DU CLIENT.,PROFESSIONNEL SPECIALISE EN JE ME FAIS ASSISTER DANS L'USAGE DES TIC,NON PRIORITAIRE,NON PRIORITAIRE
118,296,297,AUTRES SERVICES,JURISTES,JURISTES,SERVICE DE JURISTES PROPOSE À DOMICILE OU SUR SITE SELON LES BESOINS DU CLIENT.,PROFESSIONNEL SPECIALISE EN JURISTES,NON PRIORITAIRE,NON PRIORITAIRE
119,141,142,AUTRES SERVICES,KINESI-THERAPEUTE,KINESI-THERAPEUTE,SERVICE DE KINESI-THERAPEUTE PROPOSE À DOMICILE OU SUR SITE SELON LES BESOINS DU CLIENT.,PROFESSIONNEL SPECIALISE EN KINESI-THERAPEUTE,NON PRIORITAIRE,NON PRIORITAIRE
120,236,237,AUTRES SERVICES,LOCATION DE MATERIEL EVENEMENTIEL,LOCATION DE MATERIEL EVENEMENTIEL,SERVICE DE LOCATION DE MATERIEL EVENEMENTIEL PROPOSE À DOMICILE OU SUR SITE SELON LES BESOINS DU CLIENT.,PROFESSIONNEL SPECIALISE EN LOCATION DE MATERIEL EVENEMENTIEL,NON PRIORITAIRE,NON PRIORITAIRE
121,195,196,AUTRES SERVICES,MAKE-UP ARTISTS,MAKE-UP ARTISTS,SERVICE DE MAKE-UP ARTISTS PROPOSE À DOMICILE OU SUR SITE SELON LES BESOINS DU CLIENT.,PROFESSIONNEL SPECIALISE EN MAKE-UP ARTISTS,NON PRIORITAIRE,NON PRIORITAIRE
122,84,85,AUTRES SERVICES,MENUISIERS,MENUISIERS,SERVICE DE MENUISIERS PROPOSE À DOMICILE OU SUR SITE SELON LES BESOINS DU CLIENT.,PROFESSIONNEL SPECIALISE EN MENUISIERS,NON PRIORITAIRE,NON PRIORITAIRE
123,40,41,AUTRES SERVICES,MISE EN FORME DECORATIVE,MISE EN FORME DECORATIVE,SERVICE DE MISE EN FORME DECORATIVE PROPOSE À DOMICILE OU SUR SITE SELON LES BESOINS DU CLIENT.,PROFESSIONNEL SPECIALISE EN MISE EN FORME DECORATIVE,NON PRIORITAIRE,NON PRIORITAIRE
124,238,239,AUTRES SERVICES,MOBILIER,MOBILIER,SERVICE DE MOBILIER PROPOSE À DOMICILE OU SUR SITE SELON LES BESOINS DU CLIENT.,PROFESSIONNEL SPECIALISE EN MOBILIER,NON PRIORITAIRE,NON PRIORITAIRE
125,254,255,AUTRES SERVICES,MONTAGE ET DEMONTAGE DES MEUBLES,MONTAGE ET DEMONTAGE DES MEUBLES,SERVICE DE MONTAGE ET DEMONTAGE DES MEUBLES PROPOSE À DOMICILE OU SUR SITE SELON LES BESOINS DU CLIENT.,PROFESSIONNEL SPECIALISE EN MONTAGE ET DEMONTAGE DES MEUBLES,NON PRIORITAIRE,NON PRIORITAIRE
126,113,114,AUTRES SERVICES,NOUNOU,NOUNOU,SERVICE DE NOUNOU PROPOSE À DOMICILE OU SUR SITE SELON LES BESOINS DU CLIENT.,PROFESSIONNEL SPECIALISE EN NOUNOU,NON PRIORITAIRE,NON PRIORITAIRE
127,290,291,AUTRES SERVICES,NUMERISATION ET ORGANISATION DE DOCMENTS,NUMERISATION ET ORGANISATION DE DOCMENTS,SERVICE DE NUMERISATION ET ORGANISATION DE DOCMENTS PROPOSE À DOMICILE OU SUR SITE SELON LES BESOINS DU CLIENT.,PROFESSIONNEL SPECIALISE EN NUMERISATION ET ORGANISATION DE DOCMENTS,NON PRIORITAIRE,NON PRIORITAIRE
128,148,149,AUTRES SERVICES,OPTIMISATION DES PERFORMANCES,OPTIMISATION DES PERFORMANCES,SERVICE DE OPTIMISATION DES PERFORMANCES PROPOSE À DOMICILE OU SUR SITE SELON LES BESOINS DU CLIENT.,PROFESSIONNEL SPECIALISE EN OPTIMISATION DES PERFORMANCES,NON PRIORITAIRE,NON PRIORITAIRE
129,230,231,AUTRES SERVICES,ORGANISATION D'EVENEMENT,ORGANISATION D'EVENEMENT,SERVICE DE ORGANISATION D'EVENEMENT PROPOSE À DOMICILE OU SUR SITE SELON LES BESOINS DU CLIENT.,PROFESSIONNEL SPECIALISE EN ORGANISATION D'EVENEMENT,NON PRIORITAIRE,NON PRIORITAIRE
130,283,284,AUTRES SERVICES,ORIENTATION VERS DES PROFESSIONNELS DU DROIT,ORIENTATION VERS DES PROFESSIONNELS DU DROIT,SERVICE DE ORIENTATION VERS DES PROFESSIONNELS DU DROIT PROPOSE À DOMICILE OU SUR SITE SELON LES BESOINS DU CLIENT.,PROFESSIONNEL SPECIALISE EN ORIENTATION VERS DES PROFESSIONNELS DU DROIT,NON PRIORITAIRE,NON PRIORITAIRE
131,21,22,AUTRES SERVICES,PROFESSIONNELS REQUIS,PROFESSIONNELS REQUIS,SERVICE DE PROFESSIONNELS REQUIS PROPOSE À DOMICILE OU SUR SITE SELON LES BESOINS DU CLIENT.,PROFESSIONNEL SPECIALISE EN PROFESSIONNELS REQUIS,NON PRIORITAIRE,NON PRIORITAIRE
142,286,287,AUTRES SERVICES,PASSEPORTVISA,PASSEPORTVISA,SERVICE DE PASSEPORTVISA PROPOSE À DOMICILE OU SUR SITE SELON LES BESOINS DU CLIENT.,PROFESSIONNEL SPECIALISE EN PASSEPORTVISA,NON PRIORITAIRE,NON PRIORITAIRE
143,52,53,AUTRES SERVICES,PAYSAGISTES,PAYSAGISTES,SERVICE DE PAYSAGISTES PROPOSE À DOMICILE OU SUR SITE SELON LES BESOINS DU CLIENT.,PROFESSIONNEL SPECIALISE EN PAYSAGISTES,NON PRIORITAIRE,NON PRIORITAIRE
145,87,88,AUTRES SERVICES,PEINTRES,PEINTRES,SERVICE DE PEINTRES PROPOSE À DOMICILE OU SUR SITE SELON LES BESOINS DU CLIENT.,PROFESSIONNEL SPECIALISE EN PEINTRES,NON PRIORITAIRE,NON PRIORITAIRE
147,72,73,AUTRES SERVICES,PEINTURE ET RENOVATION,PEINTURE ET RENOVATION,SERVICE DE PEINTURE ET RENOVATION PROPOSE À DOMICILE OU SUR SITE SELON LES BESOINS DU CLIENT.,PROFESSIONNEL SPECIALISE EN PEINTURE ET RENOVATION,NON PRIORITAIRE,NON PRIORITAIRE
148,223,224,AUTRES SERVICES,PETIT-DEJEUNER,PETIT-DEJEUNER,SERVICE DE PETIT-DEJEUNER PROPOSE À DOMICILE OU SUR SITE SELON LES BESOINS DU CLIENT.,PROFESSIONNEL SPECIALISE EN PETIT-DEJEUNER,NON PRIORITAIRE,NON PRIORITAIRE
149,75,76,AUTRES SERVICES,PETITS TRAVAUX DE PLATERIE,PETITS TRAVAUX DE PLATERIE,SERVICE DE PETITS TRAVAUX DE PLATERIE PROPOSE À DOMICILE OU SUR SITE SELON LES BESOINS DU CLIENT.,PROFESSIONNEL SPECIALISE EN PETITS TRAVAUX DE PLATERIE,NON PRIORITAIRE,NON PRIORITAIRE
150,166,167,AUTRES SERVICES,PHOTOGRAPHES,PHOTOGRAPHES,SERVICE DE PHOTOGRAPHES PROPOSE À DOMICILE OU SUR SITE SELON LES BESOINS DU CLIENT.,PROFESSIONNEL SPECIALISE EN PHOTOGRAPHES,NON PRIORITAIRE,NON PRIORITAIRE
151,157,158,AUTRES SERVICES,PHOTOGRAPHIE ET RETOUCHE,PHOTOGRAPHIE ET RETOUCHE,SERVICE DE PHOTOGRAPHIE ET RETOUCHE PROPOSE À DOMICILE OU SUR SITE SELON LES BESOINS DU CLIENT.,PROFESSIONNEL SPECIALISE EN PHOTOGRAPHIE ET RETOUCHE,NON PRIORITAIRE,NON PRIORITAIRE
152,53,54,AUTRES SERVICES,PISCINISTE,PISCINISTE,SERVICE DE PISCINISTE PROPOSE À DOMICILE OU SUR SITE SELON LES BESOINS DU CLIENT.,PROFESSIONNEL SPECIALISE EN PISCINISTE,NON PRIORITAIRE,NON PRIORITAIRE
153,127,128,AUTRES SERVICES,PLANIFICATION DES MENUS,PLANIFICATION DES MENUS,SERVICE DE PLANIFICATION DES MENUS PROPOSE À DOMICILE OU SUR SITE SELON LES BESOINS DU CLIENT.,PROFESSIONNEL SPECIALISE EN PLANIFICATION DES MENUS,NON PRIORITAIRE,NON PRIORITAIRE
154,46,47,AUTRES SERVICES,PLANTATION DE FLEURS ET ARBUSTES,PLANTATION DE FLEURS ET ARBUSTES,SERVICE DE PLANTATION DE FLEURS ET ARBUSTES PROPOSE À DOMICILE OU SUR SITE SELON LES BESOINS DU CLIENT.,PROFESSIONNEL SPECIALISE EN PLANTATION DE FLEURS ET ARBUSTES,NON PRIORITAIRE,NON PRIORITAIRE
155,16,17,AUTRES SERVICES,PLIAGE ET RANGEMENT,PLIAGE ET RANGEMENT,SERVICE DE PLIAGE ET RANGEMENT PROPOSE À DOMICILE OU SUR SITE SELON LES BESOINS DU CLIENT.,PROFESSIONNEL SPECIALISE EN PLIAGE ET RANGEMENT,NON PRIORITAIRE,NON PRIORITAIRE
156,85,86,AUTRES SERVICES,PLOMBIERS,PLOMBIERS,SERVICE DE PLOMBIERS PROPOSE À DOMICILE OU SUR SITE SELON LES BESOINS DU CLIENT.,PROFESSIONNEL SPECIALISE EN PLOMBIERS,NON PRIORITAIRE,NON PRIORITAIRE
157,136,137,AUTRES SERVICES,PORTAGE DE SACS,PORTAGE DE SACS,SERVICE DE PORTAGE DE SACS PROPOSE À DOMICILE OU SUR SITE SELON LES BESOINS DU CLIENT.,PROFESSIONNEL SPECIALISE EN PORTAGE DE SACS,NON PRIORITAIRE,NON PRIORITAIRE
158,28,29,AUTRES SERVICES,PRESSING BLANCHISSEUR (SE),PRESSING BLANCHISSEUR (SE),SERVICE DE PRESSING BLANCHISSEUR (SE) PROPOSE À DOMICILE OU SUR SITE SELON LES BESOINS DU CLIENT.,PROFESSIONNEL SPECIALISE EN PRESSING BLANCHISSEUR (SE),NON PRIORITAIRE,NON PRIORITAIRE
159,246,247,AUTRES SERVICES,PROFESSIONNELS DE L'EVENEMENTIEL,PROFESSIONNELS DE L'EVENEMENTIEL,SERVICE DE PROFESSIONNELS DE L'EVENEMENTIEL PROPOSE À DOMICILE OU SUR SITE SELON LES BESOINS DU CLIENT.,PROFESSIONNEL SPECIALISE EN PROFESSIONNELS DE L'EVENEMENTIEL,NON PRIORITAIRE,NON PRIORITAIRE
160,189,190,AUTRES SERVICES,PROGRAMMES DE REMISE EN FORME,PROGRAMMES DE REMISE EN FORME,SERVICE DE PROGRAMMES DE REMISE EN FORME PROPOSE À DOMICILE OU SUR SITE SELON LES BESOINS DU CLIENT.,PROFESSIONNEL SPECIALISE EN PROGRAMMES DE REMISE EN FORME,NON PRIORITAIRE,NON PRIORITAIRE
161,100,101,AUTRES SERVICES,PREPARATION AUX EXAMENS,PREPARATION AUX EXAMENS,SERVICE DE PREPARATION AUX EXAMENS PROPOSE À DOMICILE OU SUR SITE SELON LES BESOINS DU CLIENT.,PROFESSIONNEL SPECIALISE EN PREPARATION AUX EXAMENS,NON PRIORITAIRE,NON PRIORITAIRE
162,126,127,AUTRES SERVICES,PREPARATION DE REPAS,PREPARATION DE REPAS,SERVICE DE PREPARATION DE REPAS PROPOSE À DOMICILE OU SUR SITE SELON LES BESOINS DU CLIENT.,PROFESSIONNEL SPECIALISE EN PREPARATION DE REPAS,PRIORITAIRE,PRIORITAIRE
163,128,129,AUTRES SERVICES,PREPARATION DE REPAS EQUILIBRES,PREPARATION DE REPAS EQUILIBRES,SERVICE DE PREPARATION DE REPAS EQUILIBRES PROPOSE À DOMICILE OU SUR SITE SELON LES BESOINS DU CLIENT.,PROFESSIONNEL SPECIALISE EN PREPARATION DE REPAS EQUILIBRES,PRIORITAIRE,PRIORITAIRE
164,97,98,AUTRES SERVICES,PREPARATION DES REPAS ET COLLATION,PREPARATION DES REPAS ET COLLATION,SERVICE DE PREPARATION DES REPAS ET COLLATION PROPOSE À DOMICILE OU SUR SITE SELON LES BESOINS DU CLIENT.,PROFESSIONNEL SPECIALISE EN PREPARATION DES REPAS ET COLLATION,PRIORITAIRE,PRIORITAIRE
165,73,74,AUTRES SERVICES,"PREPARATION DES SURFACES (PONCAGE, ENDUIT)","PREPARATION DES SURFACES (PONCAGE, ENDUIT)","SERVICE DE PREPARATION DES SURFACES (PONÇAGE, ENDUIT) PROPOSE À DOMICILE OU SUR SITE SELON LES BESOINS DU CLIENT.","PROFESSIONNEL SPECIALISE EN PREPARATION DES SURFACES (PONÇAGE, ENDUIT)",NON PRIORITAIRE,NON PRIORITAIRE
166,219,220,AUTRES SERVICES,PREPARATION ET SERVICES DE BOISSONS,PREPARATION ET SERVICES DE BOISSONS,SERVICE DE PREPARATION ET SERVICES DE BOISSONS PROPOSE À DOMICILE OU SUR SITE SELON LES BESOINS DU CLIENT.,PROFESSIONNEL SPECIALISE EN PREPARATION ET SERVICES DE BOISSONS,NON PRIORITAIRE,NON PRIORITAIRE
167,44,45,AUTRES SERVICES,PREVENTION DE LA REPOUSSE,PREVENTION DE LA REPOUSSE,SERVICE DE PREVENTION DE LA REPOUSSE PROPOSE À DOMICILE OU SUR SITE SELON LES BESOINS DU CLIENT.,PROFESSIONNEL SPECIALISE EN PREVENTION DE LA REPOUSSE,NON PRIORITAIRE,NON PRIORITAIRE
168,117,118,AUTRES SERVICES,PSYCHOLOGUES,PSYCHOLOGUES,SERVICE DE PSYCHOLOGUES PROPOSE À DOMICILE OU SUR SITE SELON LES BESOINS DU CLIENT.,PROFESSIONNEL SPECIALISE EN PSYCHOLOGUES,NON PRIORITAIRE,NON PRIORITAIRE
169,255,256,AUTRES SERVICES,RAMASSAGE D'ORDURES,RAMASSAGE D'ORDURES,SERVICE DE RAMASSAGE D'ORDURES PROPOSE À DOMICILE OU SUR SITE SELON LES BESOINS DU CLIENT.,PROFESSIONNEL SPECIALISE EN RAMASSAGE D'ORDURES,NON PRIORITAIRE,NON PRIORITAIRE
170,265,266,AUTRES SERVICES,RANGEMENT DES ESPACES DE TRAVAIL,RANGEMENT DES ESPACES DE TRAVAIL,SERVICE DE RANGEMENT DES ESPACES DE TRAVAIL PROPOSE À DOMICILE OU SUR SITE SELON LES BESOINS DU CLIENT.,PROFESSIONNEL SPECIALISE EN RANGEMENT DES ESPACES DE TRAVAIL,NON PRIORITAIRE,NON PRIORITAIRE
171,264,265,AUTRES SERVICES,RANGEMENT DES ESPACES DOMESTIQUES,RANGEMENT DES ESPACES DOMESTIQUES,SERVICE DE RANGEMENT DES ESPACES DOMESTIQUES PROPOSE À DOMICILE OU SUR SITE SELON LES BESOINS DU CLIENT.,PROFESSIONNEL SPECIALISE EN RANGEMENT DES ESPACES DOMESTIQUES,NON PRIORITAIRE,NON PRIORITAIRE
172,68,69,AUTRES SERVICES,REMPLACEMENT D'AMPOULES ET PRISES,REMPLACEMENT D'AMPOULES ET PRISES,SERVICE DE REMPLACEMENT D'AMPOULES ET PRISES PROPOSE À DOMICILE OU SUR SITE SELON LES BESOINS DU CLIENT.,PROFESSIONNEL SPECIALISE EN REMPLACEMENT D'AMPOULES ET PRISES,NON PRIORITAIRE,NON PRIORITAIRE
173,147,148,AUTRES SERVICES,RESOLUTION DE PROBLEMES TECHNIQUES,RESOLUTION DE PROBLEMES TECHNIQUES,SERVICE DE RESOLUTION DE PROBLEMES TECHNIQUES PROPOSE À DOMICILE OU SUR SITE SELON LES BESOINS DU CLIENT.,PROFESSIONNEL SPECIALISE EN RESOLUTION DE PROBLEMES TECHNIQUES,NON PRIORITAIRE,NON PRIORITAIRE
174,279,280,AUTRES SERVICES,REDACTION DE COURRIERS ET EMAILS,REDACTION DE COURRIERS ET EMAILS,SERVICE DE REDACTION DE COURRIERS ET EMAILS PROPOSE À DOMICILE OU SUR SITE SELON LES BESOINS DU CLIENT.,PROFESSIONNEL SPECIALISE EN REDACTION DE COURRIERS ET EMAILS,NON PRIORITAIRE,NON PRIORITAIRE
175,186,187,AUTRES SERVICES,REFLEXOLOGIE PLANTAIRE,REFLEXOLOGIE PLANTAIRE,SERVICE DE REFLEXOLOGIE PLANTAIRE PROPOSE À DOMICILE OU SUR SITE SELON LES BESOINS DU CLIENT.,PROFESSIONNEL SPECIALISE EN REFLEXOLOGIE PLANTAIRE,NON PRIORITAIRE,NON PRIORITAIRE
176,267,268,AUTRES SERVICES,RENOVATION,RENOVATION,SERVICE DE RENOVATION PROPOSE À DOMICILE OU SUR SITE SELON LES BESOINS DU CLIENT.,PROFESSIONNEL SPECIALISE EN RENOVATION,NON PRIORITAIRE,NON PRIORITAIRE
177,71,72,AUTRES SERVICES,REPARATEURS D'APPAREILS ELECTROMENAGERS,REPARATEURS D'APPAREILS ELECTROMENAGERS,SERVICE DE REPARATEURS D'APPAREILS ELECTROMENAGERS PROPOSE À DOMICILE OU SUR SITE SELON LES BESOINS DU CLIENT.,PROFESSIONNEL SPECIALISE EN REPARATEURS D'APPAREILS ELECTROMENAGERS,NON PRIORITAIRE,NON PRIORITAIRE
178,239,240,AUTRES SERVICES,SONORISATION PROJECTION,SONORISATION PROJECTION,SERVICE DE SONORISATION PROJECTION PROPOSE À DOMICILE OU SUR SITE SELON LES BESOINS DU CLIENT.,PROFESSIONNEL SPECIALISE EN SONORISATION PROJECTION,NON PRIORITAIRE,NON PRIORITAIRE
179,272,273,AUTRES SERVICES,SPECIALISTES DE L'AMENAGEMENT,SPECIALISTES DE L'AMENAGEMENT,SERVICE DE SPECIALISTES DE L'AMENAGEMENT PROPOSE À DOMICILE OU SUR SITE SELON LES BESOINS DU CLIENT.,PROFESSIONNEL SPECIALISE EN SPECIALISTES DE L'AMENAGEMENT,NON PRIORITAIRE,NON PRIORITAIRE
180,30,31,AUTRES SERVICES,SPECILALISTE DES VITRES,SPECILALISTE DES VITRES,SERVICE DE SPECILALISTE DES VITRES PROPOSE À DOMICILE OU SUR SITE SELON LES BESOINS DU CLIENT.,PROFESSIONNEL SPECIALISE EN SPECILALISTE DES VITRES,NON PRIORITAIRE,NON PRIORITAIRE
181,190,191,AUTRES SERVICES,SUIVI NUTRITIONNEL,SUIVI NUTRITIONNEL,SERVICE DE SUIVI NUTRITIONNEL PROPOSE À DOMICILE OU SUR SITE SELON LES BESOINS DU CLIENT.,PROFESSIONNEL SPECIALISE EN SUIVI NUTRITIONNEL,NON PRIORITAIRE,NON PRIORITAIRE
182,104,105,AUTRES SERVICES,SUIVI PSYCHOLOGIQUE,SUIVI PSYCHOLOGIQUE,SERVICE DE SUIVI PSYCHOLOGIQUE PROPOSE À DOMICILE OU SUR SITE SELON LES BESOINS DU CLIENT.,PROFESSIONNEL SPECIALISE EN SUIVI PSYCHOLOGIQUE,NON PRIORITAIRE,NON PRIORITAIRE
183,188,189,AUTRES SERVICES,SEANCES DE FITNESS PERSONNALISES,SEANCES DE FITNESS PERSONNALISES,SERVICE DE SEANCES DE FITNESS PERSONNALISES PROPOSE À DOMICILE OU SUR SITE SELON LES BESOINS DU CLIENT.,PROFESSIONNEL SPECIALISE EN SEANCES DE FITNESS PERSONNALISES,NON PRIORITAIRE,NON PRIORITAIRE
184,38,39,AUTRES SERVICES,TAILLE DE FORMATION ET D'ENTRETIEN,TAILLE DE FORMATION ET D'ENTRETIEN,SERVICE DE TAILLE DE FORMATION ET D'ENTRETIEN PROPOSE À DOMICILE OU SUR SITE SELON LES BESOINS DU CLIENT.,PROFESSIONNEL SPECIALISE EN TAILLE DE FORMATION ET D'ENTRETIEN,NON PRIORITAIRE,NON PRIORITAIRE
185,86,87,AUTRES SERVICES,TECHNICIEN FROID,TECHNICIEN FROID,SERVICE DE TECHNICIEN FROID PROPOSE À DOMICILE OU SUR SITE SELON LES BESOINS DU CLIENT.,PROFESSIONNEL SPECIALISE EN TECHNICIEN FROID,NON PRIORITAIRE,NON PRIORITAIRE
187,215,216,AUTRES SERVICES,TRANSPORTEURS,TRANSPORTEURS,SERVICE DE TRANSPORTEURS PROPOSE À DOMICILE OU SUR SITE SELON LES BESOINS DU CLIENT.,PROFESSIONNEL SPECIALISE EN TRANSPORTEURS,PRIORITAIRE,PRIORITAIRE
189,199,200,AUTRES SERVICES,TRANSPOT MEDICAL NON URGENT,TRANSPOT MEDICAL NON URGENT,SERVICE DE TRANSPOT MEDICAL NON URGENT PROPOSE À DOMICILE OU SUR SITE SELON LES BESOINS DU CLIENT.,PROFESSIONNEL SPECIALISE EN TRANSPOT MEDICAL NON URGENT,NON PRIORITAIRE,NON PRIORITAIRE
190,103,104,AUTRES SERVICES,TUTORAT DANS UNE MATIERE SPECIFIQUE,TUTORAT DANS UNE MATIERE SPECIFIQUE,SERVICE DE TUTORAT DANS UNE MATIERE SPECIFIQUE PROPOSE À DOMICILE OU SUR SITE SELON LES BESOINS DU CLIENT.,PROFESSIONNEL SPECIALISE EN TUTORAT DANS UNE MATIERE SPECIFIQUE,NON PRIORITAIRE,NON PRIORITAIRE
191,43,44,AUTRES SERVICES,UTILISATION DE DESHERBANTS ECOLOGIQUES,UTILISATION DE DESHERBANTS ECOLOGIQUES,SERVICE DE UTILISATION DE DESHERBANTS ECOLOGIQUES PROPOSE À DOMICILE OU SUR SITE SELON LES BESOINS DU CLIENT.,PROFESSIONNEL SPECIALISE EN UTILISATION DE DESHERBANTS ECOLOGIQUES,NON PRIORITAIRE,NON PRIORITAIRE
192,124,125,AUTRES SERVICES,UTILISATION DE FAUTEUILS ROULANTS ET DEAMBULATEURS,UTILISATION DE FAUTEUILS ROULANTS ET DEAMBULATEURS,SERVICE DE UTILISATION DE FAUTEUILS ROULANTS ET DEAMBULATEURS PROPOSE À DOMICILE OU SUR SITE SELON LES BESOINS DU CLIENT.,PROFESSIONNEL SPECIALISE EN UTILISATION DE FAUTEUILS ROULANTS ET DEAMBULATEURS,NON PRIORITAIRE,NON PRIORITAIRE
193,20,21,AUTRES SERVICES,UTILISATION DE PRODUITS ANTI-TRACES,UTILISATION DE PRODUITS ANTI-TRACES,SERVICE DE UTILISATION DE PRODUITS ANTI-TRACES PROPOSE À DOMICILE OU SUR SITE SELON LES BESOINS DU CLIENT.,PROFESSIONNEL SPECIALISE EN UTILISATION DE PRODUITS ANTI-TRACES,NON PRIORITAIRE,NON PRIORITAIRE
194,161,162,AUTRES SERVICES,UTILISATION DES RESEAUX SOCIAUX,UTILISATION DES RESEAUX SOCIAUX,SERVICE DE UTILISATION DES RESEAUX SOCIAUX PROPOSE À DOMICILE OU SUR SITE SELON LES BESOINS DU CLIENT.,PROFESSIONNEL SPECIALISE EN UTILISATION DES RESEAUX SOCIAUX,NON PRIORITAIRE,NON PRIORITAIRE
195,77,78,AUTRES SERVICES,VERRE ET MIROIRS,VERRE ET MIROIRS,SERVICE DE VERRE ET MIROIRS PROPOSE À DOMICILE OU SUR SITE SELON LES BESOINS DU CLIENT.,PROFESSIONNEL SPECIALISE EN VERRE ET MIROIRS,NON PRIORITAIRE,NON PRIORITAIRE
196,47,48,AUTRES SERVICES,CREATION DE MASSIFS,CREATION DE MASSIFS,SERVICE DE CREATION DE MASSIFS PROPOSE À DOMICILE OU SUR SITE SELON LES BESOINS DU CLIENT.,PROFESSIONNEL SPECIALISE EN CREATION DE MASSIFS,NON PRIORITAIRE,NON PRIORITAIRE
197,24,25,AUTRES SERVICES,ENLEVEMENT DE FERRAILLE,ENLEVEMENT DE FERRAILLE,SERVICE DE ENLEVEMENT DE FERRAILLE PROPOSE À DOMICILE OU SUR SITE SELON LES BESOINS DU CLIENT.,PROFESSIONNEL SPECIALISE EN ENLEVEMENT DE FERRAILLE,NON PRIORITAIRE,NON PRIORITAIRE
198,23,24,AUTRES SERVICES,TAPISMOQUETTE,TAPISMOQUETTE,SERVICE DE TAPISMOQUETTE PROPOSE À DOMICILE OU SUR SITE SELON LES BESOINS DU CLIENT.,PROFESSIONNEL SPECIALISE EN TAPISMOQUETTE,NON PRIORITAIRE,NON PRIORITAIRE
199,175,176,BIEN-ETRE ET BEAUTE,COIFFURE A DOMICILE,COIFFURE A DOMICILE,SERVICE DE COIFFURE À DOMICILE PROPOSE À DOMICILE OU SUR SITE SELON LES BESOINS DU CLIENT.,PROFESSIONNEL SPECIALISE EN COIFFURE À DOMICILE,PRIORITAIRE,PRIORITAIRE
200,176,177,BIEN-ETRE ET BEAUTE,COUPE ET COIFFURE,COUPE ET COIFFURE,SERVICE DE COUPE ET COIFFURE PROPOSE À DOMICILE OU SUR SITE SELON LES BESOINS DU CLIENT.,PROFESSIONNEL SPECIALISE EN COUPE ET COIFFURE,PRIORITAIRE,PRIORITAIRE
201,180,181,BIEN-ETRE ET BEAUTE,MANUCURE ET PEDICURE,MANUCURE ET PEDICURE,SERVICE DE MANUCURE ET PEDICURE PROPOSE À DOMICILE OU SUR SITE SELON LES BESOINS DU CLIENT.,PROFESSIONNEL SPECIALISE EN MANUCURE ET PEDICURE,NON PRIORITAIRE,NON PRIORITAIRE
202,171,172,BIEN-ETRE ET BEAUTE,MAQUILLAGE A DOMICILE,MAQUILLAGE A DOMICILE,SERVICE DE MAQUILLAGE À DOMICILE PROPOSE À DOMICILE OU SUR SITE SELON LES BESOINS DU CLIENT.,PROFESSIONNEL SPECIALISE EN MAQUILLAGE À DOMICILE,NON PRIORITAIRE,NON PRIORITAIRE
203,183,184,BIEN-ETRE ET BEAUTE,MASSAGE,MASSAGE,SERVICE DE MASSAGE PROPOSE À DOMICILE OU SUR SITE SELON LES BESOINS DU CLIENT.,PROFESSIONNEL SPECIALISE EN MASSAGE,NON PRIORITAIRE,NON PRIORITAIRE
204,184,185,BIEN-ETRE ET BEAUTE,MASSAGE RELAXANT,MASSAGE RELAXANT,SERVICE DE MASSAGE RELAXANT PROPOSE À DOMICILE OU SUR SITE SELON LES BESOINS DU CLIENT.,PROFESSIONNEL SPECIALISE EN MASSAGE RELAXANT,NON PRIORITAIRE,NON PRIORITAIRE
205,185,186,BIEN-ETRE ET BEAUTE,MASSAGE THERAPEUTIQUE,MASSAGE THERAPEUTIQUE,SERVICE DE MASSAGE THERAPEUTIQUE PROPOSE À DOMICILE OU SUR SITE SELON LES BESOINS DU CLIENT.,PROFESSIONNEL SPECIALISE EN MASSAGE THERAPEUTIQUE,NON PRIORITAIRE,NON PRIORITAIRE
206,178,179,BIEN-ETRE ET BEAUTE,SOINS CAPILLAIRES,SOINS CAPILLAIRES,SERVICE DE SOINS CAPILLAIRES PROPOSE À DOMICILE OU SUR SITE SELON LES BESOINS DU CLIENT.,PROFESSIONNEL SPECIALISE EN SOINS CAPILLAIRES,NON PRIORITAIRE,NON PRIORITAIRE
207,181,182,BIEN-ETRE ET BEAUTE,SOINS DU VISAGE,SOINS DU VISAGE,SERVICE DE SOINS DU VISAGE PROPOSE À DOMICILE OU SUR SITE SELON LES BESOINS DU CLIENT.,PROFESSIONNEL SPECIALISE EN SOINS DU VISAGE,NON PRIORITAIRE,NON PRIORITAIRE
208,179,180,BIEN-ETRE ET BEAUTE,SOINS ESTHETIQUES,SOINS ESTHETIQUES,SERVICE DE SOINS ESTHETIQUES PROPOSE À DOMICILE OU SUR SITE SELON LES BESOINS DU CLIENT.,PROFESSIONNEL SPECIALISE EN SOINS ESTHETIQUES,NON PRIORITAIRE,NON PRIORITAIRE
209,60,61,BRICOLAGE ET PETITS TRAVAUX,ASSEMBLAGE DE MEUBLES EN KIT,ASSEMBLAGE DE MEUBLES EN KIT,SERVICE DE ASSEMBLAGE DE MEUBLES EN KIT PROPOSE À DOMICILE OU SUR SITE SELON LES BESOINS DU CLIENT.,PROFESSIONNEL SPECIALISE EN ASSEMBLAGE DE MEUBLES EN KIT,NON PRIORITAIRE,NON PRIORITAIRE
210,67,68,BRICOLAGE ET PETITS TRAVAUX,ELECTRICITE,ELECTRICITE,SERVICE DE ELECTRICITE PROPOSE À DOMICILE OU SUR SITE SELON LES BESOINS DU CLIENT.,PROFESSIONNEL SPECIALISE EN ELECTRICITE,NON PRIORITAIRE,NON PRIORITAIRE
211,61,62,BRICOLAGE ET PETITS TRAVAUX,FIXATION MURALE DE MEUBLES,FIXATION MURALE DE MEUBLES,SERVICE DE FIXATION MURALE DE MEUBLES PROPOSE À DOMICILE OU SUR SITE SELON LES BESOINS DU CLIENT.,PROFESSIONNEL SPECIALISE EN FIXATION MURALE DE MEUBLES,NON PRIORITAIRE,NON PRIORITAIRE
212,59,60,BRICOLAGE ET PETITS TRAVAUX,MENUISERIE,MENUISERIE,SERVICE DE MENUISERIE PROPOSE À DOMICILE OU SUR SITE SELON LES BESOINS DU CLIENT.,PROFESSIONNEL SPECIALISE EN MENUISERIE,NON PRIORITAIRE,NON PRIORITAIRE
213,63,64,BRICOLAGE ET PETITS TRAVAUX,PLOMBERIE,PLOMBERIE,SERVICE DE PLOMBERIE PROPOSE À DOMICILE OU SUR SITE SELON LES BESOINS DU CLIENT.,PROFESSIONNEL SPECIALISE EN PLOMBERIE,NON PRIORITAIRE,NON PRIORITAIRE
214,70,71,BRICOLAGE ET PETITS TRAVAUX,REPARATION DE CIRCUITS SIMPLES,REPARATION DE CIRCUITS SIMPLES,SERVICE DE REPARATION DE CIRCUITS SIMPLES PROPOSE À DOMICILE OU SUR SITE SELON LES BESOINS DU CLIENT.,PROFESSIONNEL SPECIALISE EN REPARATION DE CIRCUITS SIMPLES,NON PRIORITAIRE,NON PRIORITAIRE
215,64,65,BRICOLAGE ET PETITS TRAVAUX,REPARATION DE FUITES,REPARATION DE FUITES,SERVICE DE REPARATION DE FUITES PROPOSE À DOMICILE OU SUR SITE SELON LES BESOINS DU CLIENT.,PROFESSIONNEL SPECIALISE EN REPARATION DE FUITES,NON PRIORITAIRE,NON PRIORITAIRE
216,149,150,BRICOLAGE ET PETITS TRAVAUX,REPARATION DE MATERIEL INFORMATIQUE,REPARATION DE MATERIEL INFORMATIQUE,SERVICE DE REPARATION DE MATERIEL INFORMATIQUE PROPOSE À DOMICILE OU SUR SITE SELON LES BESOINS DU CLIENT.,PROFESSIONNEL SPECIALISE EN REPARATION DE MATERIEL INFORMATIQUE,PRIORITAIRE,PRIORITAIRE
217,62,63,BRICOLAGE ET PETITS TRAVAUX,REPARATION DE MEUBLES,REPARATION DE MEUBLES,SERVICE DE REPARATION DE MEUBLES PROPOSE À DOMICILE OU SUR SITE SELON LES BESOINS DU CLIENT.,PROFESSIONNEL SPECIALISE EN REPARATION DE MEUBLES,NON PRIORITAIRE,NON PRIORITAIRE
218,82,83,BRICOLAGE ET PETITS TRAVAUX,MAINTENANCE ET REPARATION,MAINTENANCE ET REPARATION,SERVICE DE MAINTENANCE ET REPARATION PROPOSE À DOMICILE OU SUR SITE SELON LES BESOINS DU CLIENT.,PROFESSIONNEL SPECIALISE EN MAINTENANCE ET REPARATION,NON PRIORITAIRE,NON PRIORITAIRE
219,242,243,FETES ET EVENEMENTS,DJ,DJ,SERVICE DE DJ PROPOSE À DOMICILE OU SUR SITE SELON LES BESOINS DU CLIENT.,PROFESSIONNEL SPECIALISE EN DJ,NON PRIORITAIRE,NON PRIORITAIRE
220,231,232,FETES ET EVENEMENTS,DJ MC ANIMATEURIMAGES,DJ MC ANIMATEURIMAGES,SERVICE DE DJ MC ANIMATEURIMAGES PROPOSE À DOMICILE OU SUR SITE SELON LES BESOINS DU CLIENT.,PROFESSIONNEL SPECIALISE EN DJ MC ANIMATEURIMAGES,NON PRIORITAIRE,NON PRIORITAIRE
221,266,267,FETES ET EVENEMENTS,DECORATION D'INTERIEUR,DECORATION D'INTERIEUR,SERVICE DE DECORATION D'INTERIEUR PROPOSE À DOMICILE OU SUR SITE SELON LES BESOINS DU CLIENT.,PROFESSIONNEL SPECIALISE EN DECORATION D'INTERIEUR,NON PRIORITAIRE,NON PRIORITAIRE
222,229,230,FETES ET EVENEMENTS,DECORATION D'EVENEMENT,DECORATION D'EVENEMENT,SERVICE DE DECORATION D'EVENEMENT PROPOSE À DOMICILE OU SUR SITE SELON LES BESOINS DU CLIENT.,PROFESSIONNEL SPECIALISE EN DECORATION D'EVENEMENT,NON PRIORITAIRE,NON PRIORITAIRE
223,232,233,FETES ET EVENEMENTS,EVENEMENT CORPORATE,EVENEMENT CORPORATE,SERVICE DE EVENEMENT CORPORATE PROPOSE À DOMICILE OU SUR SITE SELON LES BESOINS DU CLIENT.,PROFESSIONNEL SPECIALISE EN EVENEMENT CORPORATE,NON PRIORITAIRE,NON PRIORITAIRE
224,233,234,FETES ET EVENEMENTS,EVENEMENT PRIVE,EVENEMENT PRIVE,SERVICE DE EVENEMENT PRIVE PROPOSE À DOMICILE OU SUR SITE SELON LES BESOINS DU CLIENT.,PROFESSIONNEL SPECIALISE EN EVENEMENT PRIVE,NON PRIORITAIRE,NON PRIORITAIRE
225,234,235,FETES ET EVENEMENTS,EVENEMENT PUBLIC,EVENEMENT PUBLIC,SERVICE DE EVENEMENT PUBLIC PROPOSE À DOMICILE OU SUR SITE SELON LES BESOINS DU CLIENT.,PROFESSIONNEL SPECIALISE EN EVENEMENT PUBLIC,NON PRIORITAIRE,NON PRIORITAIRE
226,243,244,FETES ET EVENEMENTS,MC,MC,SERVICE DE MC PROPOSE À DOMICILE OU SUR SITE SELON LES BESOINS DU CLIENT.,PROFESSIONNEL SPECIALISE EN MC,NON PRIORITAIRE,NON PRIORITAIRE
227,235,236,FETES ET EVENEMENTS,PHOTOGRAPHE POUR EVENEMENTS,PHOTOGRAPHE POUR EVENEMENTS,SERVICE DE PHOTOGRAPHE POUR EVENEMENTS PROPOSE À DOMICILE OU SUR SITE SELON LES BESOINS DU CLIENT.,PROFESSIONNEL SPECIALISE EN PHOTOGRAPHE POUR EVENEMENTS,NON PRIORITAIRE,NON PRIORITAIRE
229,244,245,FETES ET EVENEMENTS,SERVICES TRAITEUR,SERVICES TRAITEUR,SERVICE DE SERVICES TRAITEUR PROPOSE À DOMICILE OU SUR SITE SELON LES BESOINS DU CLIENT.,PROFESSIONNEL SPECIALISE EN SERVICES TRAITEUR,NON PRIORITAIRE,NON PRIORITAIRE
230,222,223,FETES ET EVENEMENTS,TRAITEUR,TRAITEUR,SERVICE DE TRAITEUR PROPOSE À DOMICILE OU SUR SITE SELON LES BESOINS DU CLIENT.,PROFESSIONNEL SPECIALISE EN TRAITEUR,NON PRIORITAIRE,NON PRIORITAIRE
231,107,108,GARDE D'ENFANTS ET SOUTIEN SCOLAIRE,ACCOMPAGNEMENT AUX ACTIVITES EXTRASCOLAIRES,ACCOMPAGNEMENT AUX ACTIVITES EXTRASCOLAIRES,SERVICE DE ACCOMPAGNEMENT AUX ACTIVITES EXTRASCOLAIRES PROPOSE À DOMICILE OU SUR SITE SELON LES BESOINS DU CLIENT.,PROFESSIONNEL SPECIALISE EN ACCOMPAGNEMENT AUX ACTIVITES EXTRASCOLAIRES,PRIORITAIRE,NON PRIORITAIRE
232,96,97,GARDE D'ENFANTS ET SOUTIEN SCOLAIRE,ACTIVITES LUDIQUES ET EDUCATIVES,ACTIVITES LUDIQUES ET EDUCATIVES,SERVICE DE ACTIVITES LUDIQUES ET EDUCATIVES PROPOSE À DOMICILE OU SUR SITE SELON LES BESOINS DU CLIENT.,PROFESSIONNEL SPECIALISE EN ACTIVITES LUDIQUES ET EDUCATIVES,PRIORITAIRE,NON PRIORITAIRE
233,98,99,GARDE D'ENFANTS ET SOUTIEN SCOLAIRE,ASSISTANCE AUX DEVOIRS,ASSISTANCE AUX DEVOIRS,SERVICE DE ASSISTANCE AUX DEVOIRS PROPOSE À DOMICILE OU SUR SITE SELON LES BESOINS DU CLIENT.,PROFESSIONNEL SPECIALISE EN ASSISTANCE AUX DEVOIRS,PRIORITAIRE,PRIORITAIRE
234,94,95,GARDE D'ENFANTS ET SOUTIEN SCOLAIRE,BABY-SITTING,BABY-SITTING,SERVICE DE BABY-SITTING PROPOSE À DOMICILE OU SUR SITE SELON LES BESOINS DU CLIENT.,PROFESSIONNEL SPECIALISE EN BABY-SITTING,PRIORITAIRE,NON PRIORITAIRE
235,99,100,GARDE D'ENFANTS ET SOUTIEN SCOLAIRE,COURS DE RENFORCEMENT A DOMICILE,COURS DE RENFORCEMENT A DOMICILE,SERVICE DE COURS DE RENFORCEMENT À DOMICILE PROPOSE À DOMICILE OU SUR SITE SELON LES BESOINS DU CLIENT.,PROFESSIONNEL SPECIALISE EN COURS DE RENFORCEMENT À DOMICILE,PRIORITAIRE,NON PRIORITAIRE
236,92,93,GARDE D'ENFANTS ET SOUTIEN SCOLAIRE,GARDE D'ENFANTS ET SOUTIEN SCOLAIRE,GARDE D'ENFANTS ET SOUTIEN SCOLAIRE,SERVICE DE GARDE D'ENFANTS ET SOUTIEN SCOLAIRE PROPOSE À DOMICILE OU SUR SITE SELON LES BESOINS DU CLIENT.,PROFESSIONNEL SPECIALISE EN GARDE D'ENFANTS ET SOUTIEN SCOLAIRE,PRIORITAIRE,PRIORITAIRE
237,95,96,GARDE D'ENFANTS ET SOUTIEN SCOLAIRE,GARDE PONCTUELLE OU REGULIERE,GARDE PONCTUELLE OU REGULIERE,SERVICE DE GARDE PONCTUELLE OU REGULIERE PROPOSE À DOMICILE OU SUR SITE SELON LES BESOINS DU CLIENT.,PROFESSIONNEL SPECIALISE EN GARDE PONCTUELLE OU REGULIERE,PRIORITAIRE,PRIORITAIRE
238,106,107,GARDE D'ENFANTS ET SOUTIEN SCOLAIRE,GARDE PERISCOLAIRE,GARDE PERISCOLAIRE,SERVICE DE GARDE PERISCOLAIRE PROPOSE À DOMICILE OU SUR SITE SELON LES BESOINS DU CLIENT.,PROFESSIONNEL SPECIALISE EN GARDE PERISCOLAIRE,PRIORITAIRE,PRIORITAIRE
239,281,282,GARDE D'ENFANTS ET SOUTIEN SCOLAIRE,INFORMATIONS SUR LES DROITS ET DEVOIRS,INFORMATIONS SUR LES DROITS ET DEVOIRS,SERVICE DE INFORMATIONS SUR LES DROITS ET DEVOIRS PROPOSE À DOMICILE OU SUR SITE SELON LES BESOINS DU CLIENT.,PROFESSIONNEL SPECIALISE EN INFORMATIONS SUR LES DROITS ET DEVOIRS,PRIORITAIRE,NON PRIORITAIRE
240,93,94,GARDE D'ENFANTS ET SOUTIEN SCOLAIRE,JE DELEGUE LA GARDE ETOU L'ACCOMPAGNEMENT DE MES ENFANTS,JE DELEGUE LA GARDE ETOU L'ACCOMPAGNEMENT DE MES ENFANTS,SERVICE DE JE DELEGUE LA GARDE ETOU L'ACCOMPAGNEMENT DE MES ENFANTS PROPOSE À DOMICILE OU SUR SITE SELON LES BESOINS DU CLIENT.,PROFESSIONNEL SPECIALISE EN JE DELEGUE LA GARDE ETOU L'ACCOMPAGNEMENT DE MES ENFANTS,PRIORITAIRE,PRIORITAIRE
241,101,102,GARDE D'ENFANTS ET SOUTIEN SCOLAIRE,LECTURE SUIVIE,LECTURE SUIVIE,SERVICE DE LECTURE SUIVIE PROPOSE À DOMICILE OU SUR SITE SELON LES BESOINS DU CLIENT.,PROFESSIONNEL SPECIALISE EN LECTURE SUIVIE,PRIORITAIRE,NON PRIORITAIRE
242,109,110,GARDE D'ENFANTS ET SOUTIEN SCOLAIRE,ORGANISATION D'ACTIVITES APRES L'ECOLE,ORGANISATION D'ACTIVITES APRES L'ECOLE,SERVICE DE ORGANISATION D'ACTIVITES APRES L'ECOLE PROPOSE À DOMICILE OU SUR SITE SELON LES BESOINS DU CLIENT.,PROFESSIONNEL SPECIALISE EN ORGANISATION D'ACTIVITES APRES L'ECOLE,PRIORITAIRE,NON PRIORITAIRE
243,108,109,GARDE D'ENFANTS ET SOUTIEN SCOLAIRE,SURVEILLANCE DES DEVOIRS,SURVEILLANCE DES DEVOIRS,SERVICE DE SURVEILLANCE DES DEVOIRS PROPOSE À DOMICILE OU SUR SITE SELON LES BESOINS DU CLIENT.,PROFESSIONNEL SPECIALISE EN SURVEILLANCE DES DEVOIRS,PRIORITAIRE,NON PRIORITAIRE
244,146,147,INFORMATIQUE ET TECH,CONFIGURATION DE NOUVEAUX APPAREILS,CONFIGURATION DE NOUVEAUX APPAREILS,SERVICE DE CONFIGURATION DE NOUVEAUX APPAREILS PROPOSE À DOMICILE OU SUR SITE SELON LES BESOINS DU CLIENT.,PROFESSIONNEL SPECIALISE EN CONFIGURATION DE NOUVEAUX APPAREILS,PRIORITAIRE,NON PRIORITAIRE
245,153,154,INFORMATIQUE ET TECH,CONFIGURATION DE RESEAUX DOMESTIQUES,CONFIGURATION DE RESEAUX DOMESTIQUES,SERVICE DE CONFIGURATION DE RESEAUX DOMESTIQUES PROPOSE À DOMICILE OU SUR SITE SELON LES BESOINS DU CLIENT.,PROFESSIONNEL SPECIALISE EN CONFIGURATION DE RESEAUX DOMESTIQUES,PRIORITAIRE,NON PRIORITAIRE
246,156,157,INFORMATIQUE ET TECH,DESIGN WEB,DESIGN WEB,SERVICE DE DESIGN WEB PROPOSE À DOMICILE OU SUR SITE SELON LES BESOINS DU CLIENT.,PROFESSIONNEL SPECIALISE EN DESIGN WEB,PRIORITAIRE,NON PRIORITAIRE
247,154,155,INFORMATIQUE ET TECH,GRAPHISME ET CONCEPTION,GRAPHISME ET CONCEPTION,SERVICE DE GRAPHISME ET CONCEPTION PROPOSE À DOMICILE OU SUR SITE SELON LES BESOINS DU CLIENT.,PROFESSIONNEL SPECIALISE EN GRAPHISME ET CONCEPTION,PRIORITAIRE,NON PRIORITAIRE
248,143,144,INFORMATIQUE ET TECH,INFORMATIQUE ET TECH,INFORMATIQUE ET TECH,SERVICE DE INFORMATIQUE ET TECH PROPOSE À DOMICILE OU SUR SITE SELON LES BESOINS DU CLIENT.,PROFESSIONNEL SPECIALISE EN INFORMATIQUE ET TECH,PRIORITAIRE,PRIORITAIRE
249,160,161,INFORMATIQUE ET TECH,INITIATION A L'INFORMATIQUE,INITIATION A L'INFORMATIQUE,SERVICE DE INITIATION À L'INFORMATIQUE PROPOSE À DOMICILE OU SUR SITE SELON LES BESOINS DU CLIENT.,PROFESSIONNEL SPECIALISE EN INITIATION À L'INFORMATIQUE,PRIORITAIRE,PRIORITAIRE
250,152,153,INFORMATIQUE ET TECH,INSTALLATION D'IMPRIMANTES ET SCANNERS,INSTALLATION D'IMPRIMANTES ET SCANNERS,SERVICE DE INSTALLATION D'IMPRIMANTES ET SCANNERS PROPOSE À DOMICILE OU SUR SITE SELON LES BESOINS DU CLIENT.,PROFESSIONNEL SPECIALISE EN INSTALLATION D'IMPRIMANTES ET SCANNERS,PRIORITAIRE,NON PRIORITAIRE
251,150,151,INFORMATIQUE ET TECH,INSTALLATION DE LOGICIELS ET MATERIEL,INSTALLATION DE LOGICIELS ET MATERIEL,SERVICE DE INSTALLATION DE LOGICIELS ET MATERIEL PROPOSE À DOMICILE OU SUR SITE SELON LES BESOINS DU CLIENT.,PROFESSIONNEL SPECIALISE EN INSTALLATION DE LOGICIELS ET MATERIEL,PRIORITAIRE,NON PRIORITAIRE
252,69,70,INFORMATIQUE ET TECH,INSTALLATION DE LUMINAIRES,INSTALLATION DE LUMINAIRES,SERVICE DE INSTALLATION DE LUMINAIRES PROPOSE À DOMICILE OU SUR SITE SELON LES BESOINS DU CLIENT.,PROFESSIONNEL SPECIALISE EN INSTALLATION DE LUMINAIRES,PRIORITAIRE,NON PRIORITAIRE
253,66,67,INFORMATIQUE ET TECH,INSTALLATION DE NOUVEAUX ROBINETS,INSTALLATION DE NOUVEAUX ROBINETS,SERVICE DE INSTALLATION DE NOUVEAUX ROBINETS PROPOSE À DOMICILE OU SUR SITE SELON LES BESOINS DU CLIENT.,PROFESSIONNEL SPECIALISE EN INSTALLATION DE NOUVEAUX ROBINETS,PRIORITAIRE,NON PRIORITAIRE
254,151,152,INFORMATIQUE ET TECH,INSTALLATION ET MISE A JOUR DE LOGICIELS,INSTALLATION ET MISE A JOUR DE LOGICIELS,SERVICE DE INSTALLATION ET MISE À JOUR DE LOGICIELS PROPOSE À DOMICILE OU SUR SITE SELON LES BESOINS DU CLIENT.,PROFESSIONNEL SPECIALISE EN INSTALLATION ET MISE À JOUR DE LOGICIELS,PRIORITAIRE,NON PRIORITAIRE
255,162,163,INFORMATIQUE ET TECH,UTILISATION SMARTPHONES TABLETTES,UTILISATION SMARTPHONES TABLETTES,SERVICE DE UTILISATION SMARTPHONES TABLETTES PROPOSE À DOMICILE OU SUR SITE SELON LES BESOINS DU CLIENT.,PROFESSIONNEL SPECIALISE EN UTILISATION SMARTPHONES TABLETTES,PRIORITAIRE,NON PRIORITAIRE
256,168,169,INFORMATIQUE ET TECH,WEB DESIGNERS,WEB DESIGNERS,SERVICE DE WEB DESIGNERS PROPOSE À DOMICILE OU SUR SITE SELON LES BESOINS DU CLIENT.,PROFESSIONNEL SPECIALISE EN WEB DESIGNERS,PRIORITAIRE,NON PRIORITAIRE
257,48,49,INFORMATIQUE ET TECH,INSTALLATION DE SYSTEMES D'IRRIGATION,INSTALLATION DE SYSTEMES D'IRRIGATION,SERVICE DE INSTALLATION DE SYSTEMES D'IRRIGATION PROPOSE À DOMICILE OU SUR SITE SELON LES BESOINS DU CLIENT.,PROFESSIONNEL SPECIALISE EN INSTALLATION DE SYSTEMES D'IRRIGATION,PRIORITAIRE,NON PRIORITAIRE
258,81,82,INFORMATIQUE ET TECH,INSTALLATION DE SYTEME DE CLIMATISATION,INSTALLATION DE SYTEME DE CLIMATISATION,SERVICE DE INSTALLATION DE SYTEME DE CLIMATISATION PROPOSE À DOMICILE OU SUR SITE SELON LES BESOINS DU CLIENT.,PROFESSIONNEL SPECIALISE EN INSTALLATION DE SYTEME DE CLIMATISATION,PRIORITAIRE,NON PRIORITAIRE
259,45,46,JARDINAGE ET PISCINE,AMENAGEMENT PAYSAGER,AMENAGEMENT PAYSAGER,SERVICE DE AMENAGEMENT PAYSAGER PROPOSE À DOMICILE OU SUR SITE SELON LES BESOINS DU CLIENT.,PROFESSIONNEL SPECIALISE EN AMENAGEMENT PAYSAGER,NON PRIORITAIRE,NON PRIORITAIRE
260,49,50,JARDINAGE ET PISCINE,ENTRETIEN PISCINE,ENTRETIEN PISCINE,SERVICE DE ENTRETIEN PISCINE PROPOSE À DOMICILE OU SUR SITE SELON LES BESOINS DU CLIENT.,PROFESSIONNEL SPECIALISE EN ENTRETIEN PISCINE,NON PRIORITAIRE,NON PRIORITAIRE
261,31,32,JARDINAGE ET PISCINE,JARDINAGE ET PISCINE,JARDINAGE ET PISCINE,SERVICE DE JARDINAGE ET PISCINE PROPOSE À DOMICILE OU SUR SITE SELON LES BESOINS DU CLIENT.,PROFESSIONNEL SPECIALISE EN JARDINAGE ET PISCINE,NON PRIORITAIRE,NON PRIORITAIRE
262,32,33,JARDINAGE ET PISCINE,JE DELEGUE LES TRAVAUX DE JARDINAGE ET D'AMENAGEMENT PAYSAGER,JE DELEGUE LES TRAVAUX DE JARDINAGE ET D'AMENAGEMENT PAYSAGER,SERVICE DE JE DELEGUE LES TRAVAUX DE JARDINAGE ET D'AMENAGEMENT PAYSAGER PROPOSE À DOMICILE OU SUR SITE SELON LES BESOINS DU CLIENT.,PROFESSIONNEL SPECIALISE EN JE DELEGUE LES TRAVAUX DE JARDINAGE ET D'AMENAGEMENT PAYSAGER,NON PRIORITAIRE,NON PRIORITAIRE
263,56,57,JARDINAGE ET PISCINE,PISCINISTE (TECHNICIEN DE PISCINE),PISCINISTE (TECHNICIEN DE PISCINE),SERVICE DE PISCINISTE (TECHNICIEN DE PISCINE) PROPOSE À DOMICILE OU SUR SITE SELON LES BESOINS DU CLIENT.,PROFESSIONNEL SPECIALISE EN PISCINISTE (TECHNICIEN DE PISCINE),NON PRIORITAIRE,NON PRIORITAIRE
264,37,38,JARDINAGE ET PISCINE,TAILLE DE HAIES ET D'ARBUSTES,TAILLE DE HAIES ET D'ARBUSTES,SERVICE DE TAILLE DE HAIES ET D'ARBUSTES PROPOSE À DOMICILE OU SUR SITE SELON LES BESOINS DU CLIENT.,PROFESSIONNEL SPECIALISE EN TAILLE DE HAIES ET D'ARBUSTES,NON PRIORITAIRE,NON PRIORITAIRE
265,33,34,JARDINAGE ET PISCINE,TONTE DE PELOUSE,TONTE DE PELOUSE,SERVICE DE TONTE DE PELOUSE PROPOSE À DOMICILE OU SUR SITE SELON LES BESOINS DU CLIENT.,PROFESSIONNEL SPECIALISE EN TONTE DE PELOUSE,NON PRIORITAIRE,NON PRIORITAIRE
266,34,35,JARDINAGE ET PISCINE,TONTE REGULIERE,TONTE REGULIERE,SERVICE DE TONTE REGULIERE PROPOSE À DOMICILE OU SUR SITE SELON LES BESOINS DU CLIENT.,PROFESSIONNEL SPECIALISE EN TONTE REGULIERE,NON PRIORITAIRE,NON PRIORITAIRE
267,10,11,MENAGE ET NETTOYAGE,DEPOUSSIERAGE APPROFONDI,DEPOUSSIERAGE APPROFONDI,SERVICE DE DEPOUSSIERAGE APPROFONDI PROPOSE À DOMICILE OU SUR SITE SELON LES BESOINS DU CLIENT.,PROFESSIONNEL SPECIALISE EN DEPOUSSIERAGE APPROFONDI,PRIORITAIRE,NON PRIORITAIRE
268,5,6,MENAGE ET NETTOYAGE,DESINFECTION - DERATISATION,DESINFECTION - DERATISATION,SERVICE DE DESINFECTION - DERATISATION PROPOSE À DOMICILE OU SUR SITE SELON LES BESOINS DU CLIENT.,PROFESSIONNEL SPECIALISE EN DESINFECTION - DERATISATION,PRIORITAIRE,NON PRIORITAIRE
269,25,26,MENAGE ET NETTOYAGE,ENTREPRISES DE NETTOYAGE PROFESSIONNELS,ENTREPRISES DE NETTOYAGE PROFESSIONNELS,SERVICE DE ENTREPRISES DE NETTOYAGE PROFESSIONNELS PROPOSE À DOMICILE OU SUR SITE SELON LES BESOINS DU CLIENT.,PROFESSIONNEL SPECIALISE EN ENTREPRISES DE NETTOYAGE PROFESSIONNELS,PRIORITAIRE,PRIORITAIRE
270,1,2,MENAGE ET NETTOYAGE,JE DELEGUE LE MENAGE OU LE NETTOYAGE,JE DELEGUE LE MENAGE OU LE NETTOYAGE,SERVICE DE JE DELEGUE LE MENAGE OU LE NETTOYAGE PROPOSE À DOMICILE OU SUR SITE SELON LES BESOINS DU CLIENT.,PROFESSIONNEL SPECIALISE EN JE DELEGUE LE MENAGE OU LE NETTOYAGE,PRIORITAIRE,PRIORITAIRE
271,11,12,MENAGE ET NETTOYAGE,LAVAGE DES CARREAUX,LAVAGE DES CARREAUX,SERVICE DE LAVAGE DES CARREAUX PROPOSE À DOMICILE OU SUR SITE SELON LES BESOINS DU CLIENT.,PROFESSIONNEL SPECIALISE EN LAVAGE DES CARREAUX,PRIORITAIRE,NON PRIORITAIRE
272,15,16,MENAGE ET NETTOYAGE,LAVAGE A LA MACHINE REPASSAGE,LAVAGE A LA MACHINE REPASSAGE,SERVICE DE LAVAGE À LA MACHINE REPASSAGE PROPOSE À DOMICILE OU SUR SITE SELON LES BESOINS DU CLIENT.,PROFESSIONNEL SPECIALISE EN LAVAGE À LA MACHINE REPASSAGE,PRIORITAIRE,PRIORITAIRE
273,14,15,MENAGE ET NETTOYAGE,LAVAGE A LA MAIN,LAVAGE A LA MAIN,SERVICE DE LAVAGE À LA MAIN PROPOSE À DOMICILE OU SUR SITE SELON LES BESOINS DU CLIENT.,PROFESSIONNEL SPECIALISE EN LAVAGE À LA MAIN,PRIORITAIRE,NON PRIORITAIRE
274,0,1,MENAGE ET NETTOYAGE,MENAGE ET NETTOYAGE,MENAGE ET NETTOYAGE,SERVICE DE MENAGE ET NETTOYAGE PROPOSE À DOMICILE OU SUR SITE SELON LES BESOINS DU CLIENT.,PROFESSIONNEL SPECIALISE EN MENAGE ET NETTOYAGE,PRIORITAIRE,PRIORITAIRE
275,7,8,MENAGE ET NETTOYAGE,NETTOYAGE APRES TRAVAUX,NETTOYAGE APRES TRAVAUX,SERVICE DE NETTOYAGE APRES TRAVAUX PROPOSE À DOMICILE OU SUR SITE SELON LES BESOINS DU CLIENT.,PROFESSIONNEL SPECIALISE EN NETTOYAGE APRES TRAVAUX,PRIORITAIRE,PRIORITAIRE
276,19,20,MENAGE ET NETTOYAGE,NETTOYAGE DE MIROIRS,NETTOYAGE DE MIROIRS,SERVICE DE NETTOYAGE DE MIROIRS PROPOSE À DOMICILE OU SUR SITE SELON LES BESOINS DU CLIENT.,PROFESSIONNEL SPECIALISE EN NETTOYAGE DE MIROIRS,PRIORITAIRE,PRIORITAIRE
277,17,18,MENAGE ET NETTOYAGE,NETTOYAGE DE VITRES,NETTOYAGE DE VITRES,SERVICE DE NETTOYAGE DE VITRES PROPOSE À DOMICILE OU SUR SITE SELON LES BESOINS DU CLIENT.,PROFESSIONNEL SPECIALISE EN NETTOYAGE DE VITRES,PRIORITAIRE,PRIORITAIRE
278,6,7,MENAGE ET NETTOYAGE,NETTOYAGE DES APPAREILS ELECTROMENAGERS,NETTOYAGE DES APPAREILS ELECTROMENAGERS,SERVICE DE NETTOYAGE DES APPAREILS ELECTROMENAGERS PROPOSE À DOMICILE OU SUR SITE SELON LES BESOINS DU CLIENT.,PROFESSIONNEL SPECIALISE EN NETTOYAGE DES APPAREILS ELECTROMENAGERS,PRIORITAIRE,PRIORITAIRE
279,12,13,MENAGE ET NETTOYAGE,NETTOYAGE DES FENETRES ET CADRES,NETTOYAGE DES FENETRES ET CADRES,SERVICE DE NETTOYAGE DES FENÊTRES ET CADRES PROPOSE À DOMICILE OU SUR SITE SELON LES BESOINS DU CLIENT.,PROFESSIONNEL SPECIALISE EN NETTOYAGE DES FENÊTRES ET CADRES,PRIORITAIRE,PRIORITAIRE
280,4,5,MENAGE ET NETTOYAGE,NETTOYAGE DES SOLS ET TAPIS,NETTOYAGE DES SOLS ET TAPIS,SERVICE DE NETTOYAGE DES SOLS ET TAPIS PROPOSE À DOMICILE OU SUR SITE SELON LES BESOINS DU CLIENT.,PROFESSIONNEL SPECIALISE EN NETTOYAGE DES SOLS ET TAPIS,PRIORITAIRE,PRIORITAIRE
281,9,10,MENAGE ET NETTOYAGE,NETTOYAGE DES TRACES DE PEINTURE,NETTOYAGE DES TRACES DE PEINTURE,SERVICE DE NETTOYAGE DES TRACES DE PEINTURE PROPOSE À DOMICILE OU SUR SITE SELON LES BESOINS DU CLIENT.,PROFESSIONNEL SPECIALISE EN NETTOYAGE DES TRACES DE PEINTURE,PRIORITAIRE,PRIORITAIRE
282,18,19,MENAGE ET NETTOYAGE,NETTOYAGE INTERIEUR ET EXTERIEUR DES FENETRES,NETTOYAGE INTERIEUR ET EXTERIEUR DES FENETRES,SERVICE DE NETTOYAGE INTERIEUR ET EXTERIEUR DES FENÊTRES PROPOSE À DOMICILE OU SUR SITE SELON LES BESOINS DU CLIENT.,PROFESSIONNEL SPECIALISE EN NETTOYAGE INTERIEUR ET EXTERIEUR DES FENÊTRES,PRIORITAIRE,PRIORITAIRE
283,2,3,MENAGE ET NETTOYAGE,NETTOYAGE REGULIER OU DE SAISON,NETTOYAGE REGULIER OU DE SAISON,SERVICE DE NETTOYAGE REGULIER OU DE SAISON PROPOSE À DOMICILE OU SUR SITE SELON LES BESOINS DU CLIENT.,PROFESSIONNEL SPECIALISE EN NETTOYAGE REGULIER OU DE SAISON,PRIORITAIRE,PRIORITAIRE
284,13,14,MENAGE ET NETTOYAGE,REPASSAGE ET LAVAGE DE LINGE,REPASSAGE ET LAVAGE DE LINGE,SERVICE DE REPASSAGE ET LAVAGE DE LINGE PROPOSE À DOMICILE OU SUR SITE SELON LES BESOINS DU CLIENT.,PROFESSIONNEL SPECIALISE EN REPASSAGE ET LAVAGE DE LINGE,PRIORITAIRE,PRIORITAIRE
285,22,23,MENAGE ET NETTOYAGE,NETTOYAGE GENERAL,NETTOYAGE GENERAL,SERVICE DE NETTOYAGE GENERAL PROPOSE À DOMICILE OU SUR SITE SELON LES BESOINS DU CLIENT.,PROFESSIONNEL SPECIALISE EN NETTOYAGE GENERAL,PRIORITAIRE,PRIORITAIRE
286,203,204,TRANSPORT ET ACCOMPAGNEMENT,ACCOMPAGNEMENT POUR LES RDV,ACCOMPAGNEMENT POUR LES RDV,SERVICE DE ACCOMPAGNEMENT POUR LES RDV PROPOSE À DOMICILE OU SUR SITE SELON LES BESOINS DU CLIENT.,PROFESSIONNEL SPECIALISE EN ACCOMPAGNEMENT POUR LES RDV,PRIORITAIRE,NON PRIORITAIRE
287,134,135,TRANSPORT ET ACCOMPAGNEMENT,ACCOMPAGNEMENT POUR LES COURSES,ACCOMPAGNEMENT POUR LES COURSES,SERVICE DE ACCOMPAGNEMENT POUR LES COURSES PROPOSE À DOMICILE OU SUR SITE SELON LES BESOINS DU CLIENT.,PROFESSIONNEL SPECIALISE EN ACCOMPAGNEMENT POUR LES COURSES,PRIORITAIRE,NON PRIORITAIRE
289,200,201,TRANSPORT ET ACCOMPAGNEMENT,ACCOMPAGNEMENT POUR LES RENDEZ-VOUS MEDICAUX,ACCOMPAGNEMENT POUR LES RENDEZ-VOUS MEDICAUX,SERVICE DE ACCOMPAGNEMENT POUR LES RENDEZ-VOUS MEDICAUX PROPOSE À DOMICILE OU SUR SITE SELON LES BESOINS DU CLIENT.,PROFESSIONNEL SPECIALISE EN ACCOMPAGNEMENT POUR LES RENDEZ-VOUS MEDICAUX,PRIORITAIRE,NON PRIORITAIRE
290,206,207,TRANSPORT ET ACCOMPAGNEMENT,ACCOMPAGNEMENT POUR LOISIRS ET SORTIE,ACCOMPAGNEMENT POUR LOISIRS ET SORTIE,SERVICE DE ACCOMPAGNEMENT POUR LOISIRS ET SORTIE PROPOSE À DOMICILE OU SUR SITE SELON LES BESOINS DU CLIENT.,PROFESSIONNEL SPECIALISE EN ACCOMPAGNEMENT POUR LOISIRS ET SORTIE,PRIORITAIRE,NON PRIORITAIRE
291,207,208,TRANSPORT ET ACCOMPAGNEMENT,CHAUFFEUR PRIVE,CHAUFFEUR PRIVE,SERVICE DE CHAUFFEUR PRIVE PROPOSE À DOMICILE OU SUR SITE SELON LES BESOINS DU CLIENT.,PROFESSIONNEL SPECIALISE EN CHAUFFEUR PRIVE,PRIORITAIRE,NON PRIORITAIRE
292,197,198,TRANSPORT ET ACCOMPAGNEMENT,TRANSPORT ET ACCOMPAGNEMENT,TRANSPORT ET ACCOMPAGNEMENT,SERVICE DE TRANSPORT ET ACCOMPAGNEMENT PROPOSE À DOMICILE OU SUR SITE SELON LES BESOINS DU CLIENT.,PROFESSIONNEL SPECIALISE EN TRANSPORT ET ACCOMPAGNEMENT,PRIORITAIRE,PRIORITAIRE
293,260,261,TRANSPORT ET ACCOMPAGNEMENT,TRANSPORT DE MEUBLES,TRANSPORT DE MEUBLES,SERVICE DE TRANSPORT DE MEUBLES PROPOSE À DOMICILE OU SUR SITE SELON LES BESOINS DU CLIENT.,PROFESSIONNEL SPECIALISE EN TRANSPORT DE MEUBLES,PRIORITAIRE,PRIORITAIRE
294,261,262,TRANSPORT ET ACCOMPAGNEMENT,TRANSPORT DE MEUBLES LOURDS OU ENCOMBRANTS,TRANSPORT DE MEUBLES LOURDS OU ENCOMBRANTS,SERVICE DE TRANSPORT DE MEUBLES LOURDS OU ENCOMBRANTS PROPOSE À DOMICILE OU SUR SITE SELON LES BESOINS DU CLIENT.,PROFESSIONNEL SPECIALISE EN TRANSPORT DE MEUBLES LOURDS OU ENCOMBRANTS,PRIORITAIRE,PRIORITAIRE
295,201,202,TRANSPORT ET ACCOMPAGNEMENT,TRANSPORT POUR DES TRAITEMENTS REGULIERS,TRANSPORT POUR DES TRAITEMENTS REGULIERS,SERVICE DE TRANSPORT POUR DES TRAITEMENTS REGULIERS PROPOSE À DOMICILE OU SUR SITE SELON LES BESOINS DU CLIENT.,PROFESSIONNEL SPECIALISE EN TRANSPORT POUR DES TRAITEMENTS REGULIERS,PRIORITAIRE,PRIORITAIRE
296,209,210,TRANSPORT ET ACCOMPAGNEMENT,TRANSPORT POUR EVENEMENTS SPECIAUX,TRANSPORT POUR EVENEMENTS SPECIAUX,SERVICE DE TRANSPORT POUR EVENEMENTS SPECIAUX PROPOSE À DOMICILE OU SUR SITE SELON LES BESOINS DU CLIENT.,PROFESSIONNEL SPECIALISE EN TRANSPORT POUR EVENEMENTS SPECIAUX,PRIORITAIRE,PRIORITAIRE
297,262,263,TRANSPORT ET ACCOMPAGNEMENT,TRANSPORT VERS DES SITES DE STOCKAGE,TRANSPORT VERS DES SITES DE STOCKAGE,SERVICE DE TRANSPORT VERS DES SITES DE STOCKAGE PROPOSE À DOMICILE OU SUR SITE SELON LES BESOINS DU CLIENT.,PROFESSIONNEL SPECIALISE EN TRANSPORT VERS DES SITES DE STOCKAGE,PRIORITAIRE,PRIORITAIRE